X	Y
-1,1618665	-0,469025924
3,586051599	-1,116071162
4,197706951	2,661792843
5,173148921	5,554274038
-0,867110354	-0,05760997
3,66252836	3,157125617
5,572747382	6,22738311
1,290828403	5,351588094
5,488921119	-1,78001658
1,876215857	4,871494155
-1,827684948	0,267325305
4,946932238	2,221537209
6,220099465	3,557082693
5,467112873	6,636502053
4,914963366	-1,030426764
4,066616101	7,554129251
4,953406078	2,430295813
4,935674952	-1,35511124
4,745772416	-1,235454916
5,05518134	0,353666262
4,14549853	2,697600333
5,773769456	3,482397668
4,701418876	-0,965339085
3,940348779	2,92018257
6,435600367	7,017910324
4,622207731	-1,275625696
4,558599643	-1,032416955
-1,407899012	-0,629706966
4,420624261	3,824305402
-0,324716367	0,139028564
-0,452444044	-0,381461823
4,362452197	-1,095776252
-1,043489885	-0,156039965
1,000087757	4,53847007
-0,563887757	-0,217573209
4,948796447	0,112245804
5,474148191	3,460756495
1,078053124	4,597524115
-0,523051909	0,748948882
4,464134817	0,090459939
5,928914468	6,403137859
4,004083375	-1,201923375
6,109278145	6,634876695
4,269156862	3,402212508
-0,698703812	-0,288983444
5,116396529	-0,835384682
-1,333828093	0,138834944
5,332982464	6,130544947
1,301461071	4,02628861
-1,2376895	0,564985844
1,177449296	4,998260927
5,794346912	-1,147725503
4,090408701	2,546327196
-0,482510893	-0,57127351
5,261130358	7,07479823
4,543711104	0,367596969
1,508361355	4,990234147
4,49852193	-1,020611965
4,701768602	-0,134906467
-1,01069269	0,230224524
1,743803944	4,248914496
5,86422128	6,444682594
-1,103680816	-0,441692419
4,879919162	3,191581224
5,252153253	5,370084343
1,890420802	3,865232743
4,855775477	2,043712263
-0,735021325	0,788952216
4,65447907	6,390127251
4,268880587	3,793233894
-1,341497215	0,717101482
1,793065281	4,805578867
4,268637684	-1,179223664
5,575898712	2,466056288
4,636776587	3,143174737
5,623644716	4,193431132
6,235362901	6,563333041
3,39715022	-0,525059042
4,986609122	0,076999699
5,243375575	6,941757785
-0,422133796	-0,777480161
5,116868904	3,668076243
4,886010466	6,11155152
4,78341037	3,253068288
0,921897306	3,512083148
5,762204489	2,566760403
5,126000486	-0,088618029
0,798697075	4,520846068
1,711000368	4,672038317
-0,835754826	-0,593925754
-1,814905764	0,01626187
4,458472644	2,950217038
4,457189374	-1,170880514
0,253533994	4,572226865
1,486431892	4,634646746
5,004400059	5,263259658
1,18460905	4,159261581
4,275924931	4,167887392
5,785822287	7,473700269
-2,181752582	-0,957577437
4,572051157	1,828085866
4,76838077	-1,40001212
4,898824281	-0,743548378
1,184677528	4,86465415
4,519232408	3,649181243
-0,463510372	-0,623370361
-1,226495577	-0,203316423
-0,989674146	0,432480768
5,024666234	5,738424067
4,714610019	3,297601508
4,974221482	3,132447214
-1,866272828	0,15256689
0,970043476	3,372355077
4,950906236	6,574577842
4,842819517	2,990537581
1,929697975	4,287339125
5,62708269	6,224633139
6,559754293	6,954590552
6,28276055	7,426258685
2,130162528	4,537328123
-1,557872321	0,089230702
3,90586283	2,470789334
4,588471349	-0,697271664
-2,176454574	-0,483240558
1,091193642	4,552301392
5,139820008	2,742605466
-1,19736695	-0,049192929
-1,696833222	-0,072310735
-1,042131101	-0,53177939
5,712455626	6,171855177
4,632830171	-0,792674363
5,102860161	-1,370972135
-1,092636564	-0,425543029
0,504416861	5,028660135
1,183814076	4,940730294
-1,144196827	-0,413051082
4,352568156	2,130411164
-0,902918791	-0,919988461
-0,761109713	0,8375174
0,517901536	3,8275727
5,292402535	3,401662311
-0,811621792	-0,322629158
-0,112462084	-0,001516803
5,369976537	6,366950502
-1,219834125	-0,114223575
-1,057386239	-0,404987664
-0,012840611	4,77561378
5,371635294	5,893778644
3,91926351	2,971316598
5,612080516	7,132856802
5,606307542	7,173297621
4,759808226	2,782969145
4,034116103	-0,102209743
5,142491481	-0,825740973
5,975057587	3,101297997
-0,776799763	-0,48799298
6,050616017	7,314851187
0,989089324	3,694929328
4,994686207	3,786825408
5,847222195	6,687674255
5,124157695	6,314505267
1,051939361	4,238426491
1,125112642	4,589745946
4,631815554	2,548235284
-0,992165042	0,747529974
4,995250908	3,406000629
4,196687973	6,292770428
5,049903019	2,869549216
5,781522291	7,321125491
0,945354101	4,316456357
-1,509583573	-0,304502433
1,712171534	3,980515779
1,122676574	3,748783607
0,763225497	4,179685005
4,950300702	2,552449553
-0,332114571	0,518431803
0,658953791	4,444281548
-0,989755053	-0,168383688
5,214348197	3,038891029
5,940813043	6,643281316
0,914740675	4,134336363
4,838907294	7,547092697
4,200457432	2,635149354
4,79912698	-0,55072604
-0,396140338	-0,505925429
4,792654264	3,104437284
4,945630408	3,595251179
-1,306141945	-0,746862303
-0,827486995	0,717113332
4,343064128	-1,169516156
0,278530239	0,388833347
4,707969153	5,970603779
5,551835122	5,95458001
0,82058364	4,541617275
-1,406131006	0,275383727
-1,688102379	0,233092499
-1,69736059	0,900542562
1,61259315	4,534825535
5,217923189	3,046341231
4,551048971	-0,544459496
6,299577917	6,373901107
5,875144676	2,870765264
-1,236081329	0,557727153
5,060470992	-1,331929098
4,93629013	3,108795451
5,856068849	6,637923976
5,277382774	-0,945266503
0,056370605	3,247914509
1,217549016	4,238348193
0,355182086	4,324718844
0,545813499	3,687116385
4,461871991	-0,705555593
-0,585019512	-0,094793119
5,182915347	7,213772848
2,007826737	5,294335172
4,541775531	6,259545951
5,460826369	5,927004636
3,802812752	-2,04923091
4,993741046	6,843091973
4,998290852	0,181656151
6,216087143	6,784922527
4,250435887	2,768211026
0,622234646	5,01558051
4,098202983	-1,816489177
4,101384519	-0,281723184
4,804977439	-0,646653343
5,41351409	6,51288557
4,399665177	7,069139153
5,771545885	6,589544119
5,118284457	-0,57865476
5,079077787	2,792171437
4,256400774	-0,140157221
4,424984375	0,124528997
-1,430123546	-0,384342473
-0,628861182	0,342470495
5,406939786	6,80198258
1,952412503	4,107941151
-1,406713313	0,432525873
0,839773156	4,131916046
-0,86487125	-0,800017397
4,247919683	3,014961082
3,945820731	3,077595584
1,86054574	3,829730768
1,660921739	4,467687206
4,925885198	-0,946824253
5,142832354	3,444754192
5,713235677	-1,119376378
5,517363339	-1,447014786
4,990994196	-1,003725
6,66918499	6,229162584
4,789002264	-2,128484555
4,504606951	-1,539036942
5,854124294	2,193700673
4,707625586	6,618488839
3,920579027	-0,447487121
4,921108204	-0,786513848
5,114779227	6,654102302
0,540394281	4,212462974
5,026457419	-1,0828562
1,088077286	4,177211568
4,95531084	3,589098122
0,97974032	3,494439192
-2,134753044	0,555226212
4,71324887	-0,376908678
3,498140696	0,26156886
1,554068462	4,313638806
5,580682086	6,009374693
5,24335815	2,845419858
1,091495518	4,264292871
0,86656118	4,284446682
6,571746844	6,980480974
4,697555327	-0,770040462
-0,798856187	-0,658313865
3,854689067	3,864960929
6,048198535	2,973966655
-0,455414448	-0,272950491
4,558204738	3,874568808
1,068174623	4,904550347
-1,328549303	-0,355104545
0,239660429	4,012258736
0,465105676	4,543637905
-1,206789711	0,183786842
1,151653268	4,339626493
0,759493275	4,360022794
5,640791311	6,53006407
6,735153703	7,330711438
4,58325335	-0,877196826
0,883981713	4,666443629
4,282005904	-0,548433171
-0,711700775	0,452549283
2,043357436	3,852558871
5,496830994	2,820707513
-0,50145642	-0,288511845
-1,740819842	-0,672358222
4,539813226	-1,097632319
5,318669837	6,591968703
-1,390000541	-0,520062825
0,066675666	0,043385562
5,270910334	-1,604906536
0,707712624	3,504168036
4,05212483	6,905911475
1,341390149	3,75605909
0,027119653	5,12736583
5,077990067	-1,01792426
1,037835426	3,883836864
-2,243545445	0,093067498
-0,832765113	-0,784331714
4,4506474	2,541167576
6,04980191	6,356921869
4,503163808	-0,316178083
4,526548987	3,356781348
1,900032086	4,108579012
5,743498707	5,748627787
6,068797372	-0,098425408
1,056622538	3,602716422
4,387944843	3,387352798
5,300295011	6,114770742
-1,148170958	0,95401867
4,896887835	3,306195653
5,56337364	5,848625555
-1,116370991	0,164590553
-1,125833761	-1,03237497
0,61446531	4,97668891
5,948342081	5,913843631
4,40233154	3,363912097
6,210420188	6,104170053
-1,222865957	0,242272697
5,011312267	2,846612824
5,594134591	5,49753706
5,506358983	-1,220022138
4,372883408	-0,852125697
5,700984773	3,442450171
5,312514905	2,807256892
4,745958952	-1,299647158
-0,643828394	-0,436976406
5,805975899	3,239289996
-0,901610234	-0,12311942
5,114300779	7,247390391
3,933230078	-1,204997168
0,931905806	4,871216801
1,077898308	4,555661919
-0,298746248	-0,083725253
1,311377308	3,787235684
4,883059166	3,032019912
4,348803524	0,340757054
5,470845781	0,326996728
-0,633769223	-0,573348945
5,870500106	3,150147752
4,158885999	3,010519191
0,592569499	4,283309931
1,227159081	3,959753783
5,749551453	6,272460573
1,471188869	4,213070965
5,329656727	6,775618618
5,532046182	2,243625578
0,669196644	5,337716393
3,743315148	2,866039004
4,037892964	-0,356640627
6,026344235	2,880375267
5,741181094	6,719873929
-0,653152838	-0,089477978
1,797585179	4,073478192
5,560177449	2,97607807
1,669436104	4,289240238
-2,161357328	-0,886022461
-0,813476194	-0,42909991
5,30237836	3,709808164
3,923766263	-0,037666398
4,808424978	-1,168453291
4,873555045	3,768431421
-0,373962191	0,261386957
4,314383865	2,7251171
-0,927020325	-0,142113931
1,494681388	4,175912197
0,543719018	4,619411168
5,2542128	7,530596269
-0,341850029	-0,281833419
-0,569096612	-0,158326253
5,773740656	2,906552531
5,009257061	5,487781519
5,790161917	7,670867428
5,310091708	3,424612248
3,260658795	-1,662552158
3,984369753	2,885440932
4,61900412	-0,724797913
-0,028110921	-0,517403288
4,459539188	3,864390362
-1,011350623	0,631579973
5,784286102	7,183782434
6,192655953	3,134635316
-2,127227462	-0,385171488
4,81780804	6,74888809
1,222014115	4,979158662
3,914250644	0,14390756
0,740838098	4,712810348
-0,159679135	-0,275908787
0,536188791	4,429343996
1,244498826	3,469854304
6,179256883	6,164459066
5,555659668	3,845344506
4,189317873	3,462289319
4,456782288	3,763287677
-0,052935029	0,647091413
4,358531063	3,535560331
1,073369026	4,653302104
4,362055802	2,110852444
5,049947732	6,515132743
4,854414916	0,197924758
4,391921926	6,34557964
4,266677591	2,308530155
4,021702528	-0,94632276
3,880677995	-1,698987098
-1,260481007	-0,281998683
-1,109341438	-0,588215828
-0,0362664	0,214785067
1,032536802	3,96864068
-1,247341274	0,405197913
5,459221678	-1,862550364
-1,826359502	0,461167094
0,460688502	4,153988565
4,889210102	-0,429195547
4,682627028	-0,736265682
6,064007613	6,284697273
-0,701732931	-0,078115828
5,655442955	7,254521856
-0,783618307	0,071649621
4,13892433	3,933084253
1,781364989	4,881687764
2,289543343	4,450332407
4,990256596	7,239548098
-1,212966985	-0,010381778
-0,351582855	-0,433310947
4,829434427	4,030686243
5,060498928	3,447357124
4,735875221	2,806287347
4,175730383	3,459346568
5,574497636	1,893437067
-1,620013683	0,475481775
4,538845301	7,383971619
3,804007962	3,88953624
3,84509602	-1,060898413
4,379873323	-1,387993789
1,013752998	4,165482683
-1,405386404	-0,102407169
4,558257604	3,191099503
5,346049233	-1,280885734
4,204981726	3,097027287
4,163455535	4,28756911
4,858815964	6,884634448
4,893783163	6,784760994
4,088718677	-0,789978597
3,664092638	-0,479440573
1,320505741	3,528533028
1,662243737	3,928875839
4,10870288	-1,113310331
4,845282594	-1,403721122
4,50400056	5,739210016
5,121617732	0,040696523
4,395635836	2,599149417
1,789339989	4,326678519
4,96634741	2,837553058
0,525802414	5,32321588
4,259331684	3,258618287
4,496395024	2,066282553
-1,705636606	0,851955975
5,904560413	6,579518126
4,17663272	2,732194997
4,989381064	2,697445711
0,753953546	4,195845422
6,231536932	6,86207264
0,926373999	4,221314028
4,693530452	2,691635198
3,504252591	-1,456997189
1,707143515	4,738497574
0,697066269	4,953324774
4,680089911	3,054343574
4,851984694	-0,26723925
4,533635439	-0,838135327
-1,440493716	0,433247107
5,656410061	6,029970755
0,763791454	4,515959685
0,962036282	4,522862571
1,098732246	4,586520249
1,798868601	3,468580164
4,778708472	2,835861415
1,306779585	3,835801481
-0,846203727	0,0675658
1,13970361	3,42598901
5,71626745	6,285552031
5,919532161	6,912274562
4,973105434	7,161738709
-0,872818348	-0,003606701
0,633438098	4,266624089
6,505122521	6,656850321
5,225439154	3,061244997
-0,062305586	0,132610716
-1,945529449	-0,298888671
1,170448456	4,749229022
6,385507434	6,364659497
-1,855529956	0,875237427
5,174643061	6,675071454
-1,200465825	0,10628428
4,954144289	6,842946302
-0,995152091	0,813030012
6,021091023	1,961671594
-0,656902329	-0,635011826
-0,335545221	0,611322769
6,276854137	6,390537383
3,971192329	2,980228267
4,359012327	2,6101785
1,247009064	4,366607113
4,961867627	0,080247319
-1,338790492	0,227281881
5,625266356	7,613887168
4,704729497	3,821515291
1,106164249	4,643659061
1,368822981	3,945389696
5,889014544	6,16184023
4,619167605	-0,809056194
-0,599291108	0,336178704
5,109148442	4,104631444
-1,005877018	0,337147632
1,345269592	3,9807254
4,613418217	-0,122359161
0,155134092	-0,08010096
5,434350453	6,120004114
3,934757635	-1,123359515
4,945527099	0,343356608
4,954683547	2,967470894
3,919481663	-1,29673537
4,289359418	0,08974697
5,813266741	6,053454191
-0,138001054	-0,912841412
-1,282564226	0,038546004
4,62574682	2,79710574
-2,203253239	0,501254759
1,416206755	4,184312647
5,786338045	-1,097183615
4,822616541	-1,479285058
4,174889859	-1,991267846
1,863052881	3,959776183
5,230816722	7,325071464
5,342326405	2,59127999
-1,750140231	0,507186568
-0,173254472	-0,135809532
6,208831253	6,597997663
5,261406659	7,461317465
0,476709426	4,198372399
4,524021596	-0,352694203
5,169187123	2,497006291
2,020422544	4,429298303
1,137218619	4,716086252
-1,380000859	-0,574524711
-0,719852166	0,619067992
1,317236663	4,242466202
5,337321956	6,525950732
5,503874481	-0,805198955
4,02525445	-1,898669907
4,712461538	3,227008467
0,457083249	4,730651119
1,22439125	4,51705347
4,339491356	-1,353282401
1,436788584	4,519929469
-0,059477254	4,458016399
6,798281216	6,22756376
1,417703169	4,81914524
4,576479804	-1,883712163
-2,342086569	0,525780189
5,519605678	2,303959472
1,361027191	4,375508451
-1,747962674	0,495276139
5,245618933	3,140233371
-0,942042718	-1,115612026
4,495605518	-1,839819098
4,710981418	6,700578936
4,540886854	6,607145203
0,207837306	4,184290227
5,141169844	6,107460558
0,941830387	3,718403991
5,253841657	3,180088576
-0,145623359	-0,882348051
0,793060687	3,279208312
-2,07622739	-0,315005806
4,387764497	-0,720714091
3,953265066	-0,103893288
-1,11624861	-0,162658462
4,640231543	-0,476145402
-1,275267274	0,179446674
5,666510242	7,107039827
4,188775752	3,407611063
5,742877093	3,786929999
-0,778508183	0,174998159
0,850227863	4,381352973
0,367877168	3,524117772
3,877967069	-0,494475127
1,242839072	4,180741628
-1,147617905	-0,050037178
-1,010280553	0,102387267
0,853908799	3,997654944
-1,365845373	-0,648770847
4,879327366	-1,598225382
1,290379526	4,15124158
5,656758708	-0,681189328
-1,087332656	-0,44315397
5,47926648	4,241245904
5,292470351	-0,348401465
5,818215375	2,853967912
0,621244056	4,59456156
0,337765082	4,099513267
4,452954049	2,977517444
4,647930177	-1,200262931
-0,6806729	-0,13308946
2,084609853	3,762701814
4,324768958	6,963017046
-1,157758121	0,636389712
5,840104361	6,306365837
4,886355323	3,363891228
4,218653945	-1,204647772
0,279347752	5,131090229
3,757734032	-1,487197633
-0,535894974	-0,628952534
-0,245503022	-0,008172076
4,952166062	-0,969751367
2,164458934	4,657876018
4,782786492	-1,309688706
4,946289849	6,754384309
5,473503859	3,70930118
5,076551971	-0,390334214
5,301343846	6,456264507
5,029689142	-0,076429071
0,303046763	3,981273277
-0,250926792	0,624922237
1,804966234	4,915028558
4,919152891	3,498282487
5,578864377	7,554187523
4,911529197	2,311014952
1,161777593	4,404564256
-1,20704308	-0,588637444
5,775137582	-1,940953521
-0,864907231	-0,276347299
5,399635901	3,01847529
4,844216294	6,179179344
4,64943571	0,184208955
-1,323663732	0,026957854
4,46332399	6,678856777
5,333868947	3,343972431
3,880409344	-0,57470458
5,814794337	2,942936326
5,592281336	6,990725133
4,102168124	3,600690524
5,326435325	3,147083008
-1,278594438	-0,381640064
6,61800899	7,107166336
-1,224019139	0,627534672
-1,284058468	-0,098712199
-1,618861943	-0,502856711
1,3012939	4,461434772
0,626594652	3,692989593
-0,688655586	0,397488597
1,232109073	3,92458494
4,414136829	-0,046603821
0,88078881	4,409642085
5,061186572	3,62553033
5,078694662	7,585399962
0,559677888	4,530476581
-1,079273733	0,440672528
6,159275661	5,896253184
6,016685953	3,45478434
5,045233794	-2,170124772
5,267056986	2,951851384
-1,70423609	0,717458828
3,705434962	3,409891159
1,092097976	4,624002168
4,790507396	7,464368007
3,792089225	3,233517265
5,190226347	2,819574089
4,50352961	-0,763413155
3,749372278	2,133294814
5,265344254	6,650583758
5,110802834	-1,469510231
0,638477404	4,068211247
0,832374372	4,414071595
4,184558732	-0,190810475
4,089725628	-0,47694794
5,467070565	-0,489040601
4,207658318	6,28452306
5,473644369	3,268885934
-1,92333018	-0,593833606
-0,374149685	-0,339106115
4,898222814	5,758986304
4,14363957	3,711363017
-1,71294356	0,623521576
6,099873996	6,792846289
5,224296009	2,494682162
4,476668824	6,760480469
4,998829763	6,548302265
-0,631686396	0,275784169
4,234672071	3,642598305
5,136719219	-0,726663104
-0,899040958	-0,577317639
1,235760497	4,479978476
4,083409559	3,365032718
5,45211681	3,199406413
6,133293137	6,799091496
6,57490886	7,422589906
5,620128369	5,799049819
5,812195647	6,401258554
-1,190693109	0,489198791
-0,956106861	-0,854540858
-1,019048097	0,381536693
4,584302811	-2,046448684
4,467210565	-0,682482958
5,223317811	5,945144557
6,169888621	5,988816549
-1,707650244	0,091199648
3,902033556	-0,517560836
-0,924852912	0,319270664
-0,666498884	0,107972422
0,723455612	3,758878704
4,888588063	3,219685845
4,489996555	3,405180763
0,755509504	3,958735905
-0,234807891	0,466483249
0,772680737	3,891719994
5,195431187	-1,353327005
5,295712201	5,953819103
5,134725178	-1,068393171
5,625207807	-0,036473597
1,202419712	4,730015456
3,940023588	-0,753688318
1,925526498	4,262379894
-1,68063005	0,409706723
4,807066641	3,648017481
6,270421882	6,526181188
4,73943574	3,452947928
4,652194081	-1,271448354
5,213878789	-0,05887568
-0,657199854	-0,447997291
5,375780847	3,755324202
3,948809322	-1,129459965
0,418517345	4,219406086
6,136863175	2,952522913
1,084466495	4,507144207
4,410927228	2,616372296
-1,437297647	0,380982341
5,719800467	-1,574375456
-1,843661507	-0,050134546
0,92385455	5,180573831
4,079325895	-1,6581688
1,274183262	4,299752788
0,890244605	3,948508753
4,878049024	3,489786468
-0,083983303	4,671391343
3,635130243	2,634804966
-0,700191582	0,18305923
5,795814262	-0,891508465
-1,891060989	0,072137971
5,646870192	-1,827459103
5,990311529	6,562604281
5,683491065	5,437470458
-0,923210195	-0,502724301
1,372692251	4,625506448
5,606988801	6,164058982
4,727456969	3,535881094
4,639501333	-1,885700612
5,836165926	6,937307093
-0,165666016	-0,036449141
1,095631019	4,290212044
5,897336828	6,496275808
-0,644387855	-0,281964637
-0,571940508	-0,109293309
5,515992311	7,252889756
5,357199836	6,408317324
4,051844656	-1,050364105
4,894889495	-0,908328828
2,058886951	4,829902757
4,691191309	3,449579226
-0,004072951	3,997285537
-0,912597941	0,291421757
-0,342859122	-0,168874491
1,620741832	3,935782932
-1,564611662	-0,347196782
5,045950481	6,669895666
-2,096048737	-0,025369673
3,811688173	-1,679466649
4,748875375	-1,495355099
5,407742366	6,504286506
5,467805218	6,164182207
-1,05234557	-0,56163226
4,43639819	6,934174693
-0,367245432	0,217945878
5,840657527	3,681261903
-0,339011241	0,03069754
4,616480101	6,325183138
0,205280904	-0,459157758
4,42983688	7,256083901
4,107141133	-0,611460432
4,998644718	6,05917629
0,760544022	4,142821194
-0,89124956	0,426993166
4,739783748	-0,896673197
5,223402319	-0,578647859
0,718126549	3,594781713
3,431144828	-0,951558706
0,33290618	4,885408749
5,491562469	2,731924916
4,738027031	2,92421257
5,321943303	2,993509242
4,826768589	-1,144446246
4,56432006	5,858082897
-0,925579258	0,326831713
5,635680137	3,31719107
-1,501839382	0,193961641
5,145811153	7,29018257
0,235009602	4,215022238
5,550665558	3,916642898
2,306824615	3,779554846
-0,487840785	-0,230082372
5,438832232	6,386317363
1,255624053	4,489768291
-0,685853387	0,123161543
-1,059626221	-0,44659599
2,273925826	4,153145327
-0,127926039	3,737842252
5,251398539	7,267299674
4,471256215	-0,028197603
-1,860347852	0,385753188
0,920112708	4,111167342
-0,560966512	1,071557762
1,724898083	3,381564668
5,899676594	-0,443589292
-0,568721456	0,230010636
-0,67211748	-0,138170797
-1,133688271	0,255386526
5,35260404	7,596509575
-2,121321232	-0,820853238
4,701037847	-0,316271886
5,869317116	5,80011153
5,846732261	3,389879054
1,751124549	4,831106869
6,103141488	6,668270207
4,26669928	-1,384201611
3,799195702	3,312781235
0,112877172	0,342290742
-1,004349013	0,143767772
5,041251566	-1,691298214
4,56274952	5,702805627
3,797554098	-1,473798002
4,605449862	3,821175464
5,73390198	-0,621387808
5,147565614	5,923674256
0,650373738	4,140096425
0,99594979	5,080194494
5,871168484	2,831403509
-0,698953283	0,317360906
5,146206034	2,806874738
4,78003296	3,323538407
4,88944037	-1,657514512
4,147568785	-0,920356118
5,796730097	7,28876978
1,056274568	4,776770404
5,609240335	6,641144331
5,016985724	3,174632313
6,091289537	6,719878734
-1,850162349	-0,716196922
-1,359647196	0,029976851
6,226641035	6,117035184
4,125776835	-0,993025598
5,841092229	7,04136609
4,821422758	3,373989496
0,438541048	4,700748508
-1,051185297	0,845531216
6,225530879	3,103239226
4,83714742	-1,139478403
-0,337309185	-0,180150653
0,580565024	4,02524627
4,579664984	-0,58721654
4,921427472	4,298037005
1,477536755	4,217426915
1,701081169	4,42771386
0,936392837	4,295059642
5,173007528	3,354955527
4,754247801	3,158622451
5,948789452	3,26829433
5,843360844	7,116509077
1,252275099	3,462505641
-0,603093165	0,753825886
4,890835913	0,131494114
4,769071925	3,031483932
4,789089624	3,658415369
5,185159985	2,073096833
-1,076159381	0,042484413
5,629155938	7,623397617
-0,642573488	0,870532194
4,141920826	-0,926061814
-1,180311074	-0,083450456
0,822873253	4,729515017
-1,409925833	0,330692986
6,102792108	6,972883778
1,710363241	3,772593066
3,688251659	-1,101096618
4,584388021	3,140981225
3,826812258	0,40252753
-1,464348163	-0,009908372
5,647059757	-0,844790036
4,018208003	3,439729999
5,84072471	7,049537671
6,441635551	6,861006123
0,921015914	4,604701181
4,906142584	3,916931933
-1,194646349	-0,295770421
4,153864125	3,280879533
5,183061454	3,856213847
-1,049380524	0,118708572
0,626087001	4,392368137
4,739748099	3,199176378
4,042051485	-0,674597153
4,159886279	3,921399039
4,682529649	-1,19710647
3,710094658	3,124210928
-1,366314016	-1,041966656
-0,10820022	3,48611979
-1,49372197	0,69865321
6,28268485	6,971471356
5,746824515	6,511090518
5,099919167	6,841258054
0,777436786	4,88654838
4,811778363	7,281167769
3,82698186	-1,472801638
5,353087971	7,164236279
-0,191420604	-0,692353181
-1,59112769	0,133333723
-1,925305594	-0,318761272
5,168416529	6,513556485
5,460228861	3,369446234
-0,808949602	0,176615961
5,84970755	6,793930451
-1,975772924	0,464976624
5,512250662	2,24669471
5,060438198	2,733737181
4,260022491	2,547477074
1,037990124	4,400451189
4,715013852	3,154163363
5,735413247	7,038623732
5,424255906	3,60059549
5,892516801	6,864027888
4,410874049	3,539277039
5,640227414	6,814439347
-0,118091505	-0,784049038
5,238472551	2,884116841
4,047864143	-0,665276698
1,155628583	4,730186912
-0,207302372	-0,140634581
5,354728517	6,420328568
0,951107609	4,6069395
3,967408859	-0,56081667
3,566575706	-0,613171945
5,706542913	3,492912549
5,23000678	6,598334513
4,312357242	-1,260306688
5,59111208	6,860211361
4,506847358	6,932384905
5,175068798	6,631305252
-2,244488391	-0,173388871
5,13574196	7,577040506
4,365836439	-1,50860203
0,623009416	4,835282788
4,512344694	3,792487056
0,73524827	3,929334512
2,001247281	3,984011527
4,049601046	-1,763912808
-0,055055652	4,447467136
5,495686069	3,223305341
-1,407499249	-0,5488299
4,543606467	6,154556771
6,035759741	6,612928284
5,361117623	2,602118988
5,365559256	0,112783676
-1,372646336	-0,640468108
5,705035845	2,382732255
4,134046128	0,232099251
5,382459462	4,139330033
5,653013019	0,061964187
4,19951194	0,408547837
4,949904882	-0,395574329
4,822485829	6,599592335
1,393145907	3,638908524
4,481908481	3,04341557
3,552773674	3,720353009
-1,354678744	0,60892321
4,830154574	2,9487542
1,472578736	4,471301004
5,123620469	5,574155249
-1,311471569	-0,537428431
-1,219587049	-0,057755998
5,301700339	-1,973443815
-2,061835876	-0,111905537
4,44009819	-0,780870477
0,751474152	4,262537762
5,836331493	6,206894664
5,242734364	3,118163989
-1,801706765	1,041703888
4,835639888	-0,768689694
4,694469169	6,676750108
1,191398536	4,929766411
1,046706417	5,170831695
5,382906554	6,339408273
3,807318056	-0,897511597
4,536983743	2,659899531
5,322688488	2,557363989
4,859136438	3,375182074
-2,042010341	-0,653255462
6,648557571	6,520616536
6,181538937	5,778275409
-0,500414383	-0,878824051
5,285978311	-0,093615145
-1,120852508	0,001173994
4,847804691	-1,058487723
4,888529383	3,344199396
4,684267924	2,833113952
5,50122486	-1,149993695
5,242073935	2,370711241
-1,22133632	0,29237739
6,149116929	5,667555009
5,935825273	7,090149216
3,767281664	3,059649889
4,623489055	2,331943008
0,968544582	4,158129038
4,653954427	7,058059976
0,16013454	-0,596223689
0,88234445	3,796858065
4,412857326	3,33041815
4,887123925	-0,130710038
4,77254869	-1,047438865
5,013316954	-0,128212869
-1,310060925	-0,215572349
-0,847070335	0,953688266
1,108966997	3,644589301
5,009583657	6,305398678
-1,014808632	0,876000354
4,458288913	-0,638330233
1,341765809	4,027803869
4,885359491	3,401215858
5,058891371	3,584312986
5,243237272	5,964345004
6,458533066	5,720745861
4,823700562	-1,238765825
-0,199402121	-0,54457529
1,858461347	5,087644632
4,550831892	-0,821896201
4,196137105	-0,7621489
5,278530607	2,092707535
1,599497282	5,355296609
5,63508255	5,93590586
4,014556279	2,67204214
4,56065379	0,015926484
-0,81718	0,045222724
-0,112943549	4,892160804
-1,559730859	-0,358096583
5,847513688	5,557635826
-0,605377886	-0,272680874
5,402676539	3,806724394
4,808830077	4,251209069
5,319585166	-0,948479338
4,309148932	6,767243555
4,176688462	2,234263493
0,706289698	4,325645995
4,97538055	-1,59295764
5,160301429	2,156977255
5,706961226	4,226678606
4,776847039	3,040814022
4,170871769	4,054968676
4,117198488	-0,415922193
4,460162972	6,395147553
4,935412322	3,759174538
5,1030903	6,912498528
5,981017558	7,412531233
4,991695513	-1,424579075
5,324622603	5,95272453
5,212268433	2,360615797
0,759011699	3,783158118
4,841898997	-0,472277175
-0,232798646	-0,364443262
4,422460421	6,230091747
0,049191065	0,347548834
4,551930335	3,478117018
0,348225714	4,803762175
4,796867866	2,797809104
5,635941225	6,887481119
5,191474122	7,188472919
0,966310762	4,205645805
5,509027661	2,863813123
6,07478536	5,843017703
5,528954358	6,036566793
4,301451444	7,557985236
5,662999614	-0,848495063
1,007891963	4,932911868
3,528241371	-0,274473185
5,633010792	2,39122106
-1,111471813	0,590031721
1,221728336	4,073408655
5,276673727	-0,889732851
5,655280643	3,250535459
4,296280072	3,563449535
5,594495663	6,60137001
5,675971008	5,920571886
4,352237706	-0,806650991
5,562828883	2,320736371
0,858786794	4,009425293
5,188692973	6,935590317
-0,846136741	-0,501162905
3,979635315	-2,210974037
5,707820054	6,75997239
-1,980244576	0,325453202
-0,479888372	0,340055366
5,299811404	-0,973860043
4,761345213	6,703674272
5,022775508	2,617219045
4,618675163	2,737033204
4,792072129	2,270836833
4,669036823	3,400951472
3,680708397	2,381801867
-0,255273656	-0,60211081
4,459169693	3,80772742
4,447674696	-0,672925911
4,733931273	6,064357957
4,862371143	3,056350042
-1,150089616	0,601954771
4,069281824	0,019487534
4,438468314	-1,171845628
6,093747379	6,716956272
5,731729634	-1,57672612
4,631240245	-0,736846876
5,704215694	-0,515864337
5,449797452	6,570134786
1,050575406	4,141932041
5,04126278	-0,408201003
-0,879182493	0,414583615
3,536908135	-1,322358867
5,667107539	2,146060372
5,328348293	2,934571291
6,223313401	2,998222157
0,946731759	4,6297485
1,222843994	4,24098739
5,469734563	-0,85545611
0,803817921	4,682208864
6,043751561	2,583403338
-0,62914754	-0,794407266
4,891631229	0,080442863
0,665766426	3,87417922
4,354345113	3,909881348
3,883554817	3,990392701
-0,693029193	-0,157227751
-0,201350573	0,023184927
0,81112105	4,772744913
4,886553765	7,523873351
5,172124192	2,885120387
5,600399487	5,820434492
4,872861532	3,175586839
-0,481785264	0,110509064
5,889726114	6,849759095
0,828839657	4,131787474
4,835119889	2,612591888
6,169385862	7,463140009
1,125184365	4,506581351
5,270289709	3,473890954
5,633930543	-1,790062892
1,720078586	5,099968225
5,094146763	3,720864224
4,903144092	3,7567302
4,618232083	5,438746024
1,589942111	3,981785303
5,633354149	-1,779430395
1,115100699	3,893901664
4,28383654	6,549900168
0,947461843	3,772860627
4,716155256	3,94237962
0,781863958	4,152176047
-0,812925243	-0,085516539
5,033170835	2,924740079
4,214883799	-2,10881247
-1,611199217	0,168510192
5,918782434	2,20103227
4,919019503	6,925726554
5,713124195	3,14861421
5,968612799	7,217394097
5,308816765	2,794385901
5,379706403	6,432785608
4,610732527	-1,656254831
5,179073188	-0,400465293
6,777895144	5,916932822
5,524922444	6,511125045
1,13579495	5,183407295
1,152253296	4,352114645
4,774753308	5,864311401
1,167468992	4,177229925
5,728724376	5,605536961
4,036111082	3,585905463
-1,450433497	0,006818714
0,576759041	3,943042953
3,839921034	-0,80372988
1,436663835	4,162215184
1,241837014	3,717634522
0,950174626	4,669288502
0,822286003	4,358242809
6,036798174	5,715426753
6,196206098	2,307610574
4,405922822	-0,570622338
0,147941408	5,167596155
4,722385796	-1,599038146
4,42912328	-1,069196001
1,189515859	3,904890336
2,299201922	3,676891619
-1,134492826	0,007896005
4,231810069	3,209615003
3,849883473	-1,190763262
4,759499423	-0,563437069
4,852092915	7,506858002
5,606530454	6,222548656
0,306344248	-0,030592766
-1,123567295	0,183269129
5,133002048	2,426485753
1,511479324	3,82593336
5,974509745	3,057118643
4,487878905	3,157081733
-2,036374474	0,388209443
5,059576598	-1,000711404
4,519515346	3,288756739
0,622925109	4,144086042
-1,008980773	-0,396789067
0,471290805	4,456135201
1,374370738	3,706305302
5,633954241	2,915435824
-1,966186834	-0,746069457
4,764299033	-1,105536246
4,688993133	2,643003139
5,15426278	3,128308849
5,74757068	-0,906316357
5,760189102	7,635925092
5,85707434	3,325951167
-0,908360489	-0,023093205
-0,798890654	0,245091081
-0,612015603	0,072189608
4,959952324	-1,357340497
-1,180242149	0,961469628
5,217996884	6,601205988
4,668419732	3,699198037
4,357354466	6,758651078
1,886945868	4,959851823
4,838646003	-0,700830377
-0,341645859	0,761351354
4,672490163	-1,766123281
1,827362099	4,220185234
4,938791223	-1,424630943
-0,446081337	-0,020046225
-1,566643021	-0,563364667
5,485558969	5,787706394
4,883644886	2,309475154
5,255881045	7,060566752
5,392573759	2,681566941
4,85600032	-0,690809588
2,216940237	4,755675643
4,883604917	2,471431109
5,498504406	-0,965869318
1,578968102	5,254367466
5,749092668	6,369700715
5,100236257	3,081258008
4,477504126	4,275227535
0,757596882	3,77255416
0,456751685	3,450538803
4,523121479	-0,879441874
4,659841758	-0,866866956
-1,757771251	0,047074964
4,679833854	-1,336265642
4,528999544	3,756003383
5,186088341	6,508122553
1,229758332	4,511200219
4,482211541	2,316779649
5,745918053	-0,856278913
4,613070899	-0,229565527
4,543386814	6,506735277
5,58901122	6,691641606
5,427833477	6,983632075
4,730181942	6,976927245
5,095908541	2,949226708
-1,895519826	-0,777211651
0,459339646	5,227389098
1,051249361	4,117186575
5,435491496	5,691539801
4,53970367	-0,628612962
4,213732534	2,46911857
4,15519786	2,866632222
4,387077439	7,317780713
4,856140833	5,638917274
1,469707937	4,731349604
5,020992002	2,549665992
4,520553141	6,689765238
0,994341085	4,290425604
3,745610349	3,007071952
3,966568992	3,929681522
1,054046284	4,929211374
4,724925997	-1,826318175
0,955160013	4,594524901
2,206218853	3,465871186
5,100600817	-1,955895315
4,820793797	3,076653431
5,289817574	-0,855168562
0,884319605	4,494635937
-0,303339248	0,161439804
-1,820005615	-0,146308443
4,617196808	6,731660148
-1,107956798	0,092962934
-1,417709139	0,654555484
1,20153329	3,757255559
4,957589539	7,631167035
-1,898950329	-0,285115756
6,192953393	5,745552945
1,063167775	4,970695798
4,791961284	0,276067782
5,631396576	7,484918856
4,883967813	6,841023468
0,386843081	4,593005717
4,894129102	0,302699429
1,747990098	4,528391463
4,246958655	-0,823622581
1,247764326	4,482075242
-1,102770478	0,113759196
5,572672579	6,531982046
5,61609618	5,886830259
3,692333843	-0,362674771
4,353478574	-1,486687092
5,178829677	3,797610324
-0,878603216	-0,071566805
3,915605999	-1,273563606
5,294733163	6,551545768
0,44879886	4,920680688
5,533292965	3,795764695
4,620521569	0,173127899
5,012333959	-1,774951783
0,799458307	4,304959222
3,92155543	-1,57006683
1,123799864	4,608584864
4,95300139	2,247352428
5,138403643	-0,56210249
4,924372841	6,338433038
4,861449507	-1,262552609
4,83668013	2,273007211
1,093385645	4,392753229
-1,296144115	0,400956753
1,448651155	4,715758931
4,224670712	-0,222172602
-1,129227335	0,126824508
1,016890114	4,131976778
4,607226323	-0,487898919
6,427423685	6,922514926
1,4267923	4,304756844
4,579961675	-1,541271655
5,225350361	0,052525176
4,663300568	2,949042445
5,175599338	3,568048245
-1,091538672	0,048904359
3,665039287	-1,45519622
2,044492201	4,408827646
5,581943352	6,766971384
0,425809814	4,762250625
1,064926715	4,527776487
4,268111821	-0,781585666
1,212703444	4,872357163
-1,481751648	0,003508442
0,746560459	4,116512021
4,456817194	2,880560557
5,687254018	5,784186748
1,570820237	4,856212378
5,113414949	5,656216806
4,817493658	3,729138973
1,9409593	3,943622579
0,482486713	4,138000928
5,206882714	-0,846586928
4,861597298	-0,166380043
5,864437776	2,909245672
-1,660445351	0,259052394
4,599679391	-0,57139674
5,757888679	7,245025964
1,473942436	5,219106994
3,603439483	-1,420307519
5,601922874	5,844831283
4,559738382	-0,440811744
4,37516953	7,217338992
5,254443459	6,105569164
5,484397422	2,551385364
5,770238277	2,059626007
5,341596608	-0,190984766
4,906703958	2,886411205
5,555744854	-0,736796729
4,854827428	-1,036186308
4,706224218	-1,075793752
6,314292951	5,54662967
4,89854684	2,852600928
-1,66072708	-0,280580022
0,490758286	4,923448773
-0,092695527	0,168515463
-1,087552857	-0,105924471
5,407598092	3,138244448
1,71532186	3,432801523
-1,813962688	0,878009454
-1,025804706	-0,508221056
4,933024491	7,005054241
6,07632791	5,897323488
5,882833884	6,903731426
-0,997207827	-0,377988638
-1,259940838	-0,462806148
1,329204919	4,19049102
4,772387732	2,741733728
4,328432108	-0,148833804
1,63767965	4,67911364
-0,652795764	-0,578166781
0,449208366	4,844210288
-0,75783144	-1,059032355
1,712165491	3,711877244
-1,529009281	-1,334095554
4,997685728	6,467706401
4,806819226	-0,277299948
-1,105986335	0,002484335
4,58097843	-1,016614026
0,913456576	4,263976835
4,939677092	3,735116617
5,092200917	-0,604613933
-0,842665927	-0,215236359
5,783875606	7,150368876
0,908598635	4,37837178
5,353423591	6,118157905
4,955677469	-1,946018092
5,036720745	3,215943635
-0,384803469	-0,039331755
1,377267369	4,118450602
-0,416587027	-0,211650182
-0,49189166	0,785183437
-0,205047598	-0,525755609
5,561418976	3,279603201
4,209455848	2,831606326
4,525842797	-2,209186576
3,971081764	2,427887044
5,388329072	6,091773828
5,421832029	3,019452422
0,1218757	-0,830543706
4,592069011	3,089510502
5,565004636	6,182791538
6,198650717	6,223695259
4,836578963	3,482654022
5,027488566	-0,790516136
4,864269057	2,620105039
-1,09619781	0,688006269
4,09295265	-1,399084466
4,617770868	3,615225792
-1,36913493	0,668458573
4,715558124	-0,693874845
1,542286828	3,753216408
4,397891645	-0,855999251
6,082749195	7,059826474
5,931072381	7,49521946
4,632942842	3,528325684
5,493998974	6,188840506
4,206006435	0,076860389
5,263693916	6,914737141
5,975785999	6,521436814
5,715750429	3,712029186
5,965751856	2,92078237
4,725966521	0,150007076
4,52485692	-1,559122293
4,582755866	-1,797629345
5,859535877	6,163296866
4,481612691	6,259719991
0,278297566	3,932409146
4,632133903	7,047396201
6,499307862	6,871847043
4,486242246	2,975108843
4,671661317	-0,895879273
6,148621699	6,66548461
-0,041843826	3,828444658
4,124567555	3,435510878
4,229716286	3,343465927
4,873696749	-1,414419357
3,703010726	-0,15588819
5,034387472	2,913131076
4,618745128	2,779522568
0,464038301	3,818017276
-1,746610733	0,515447267
1,505070168	4,332845114
1,19770528	4,286122742
-1,584287307	-0,188086225
-0,073912202	-0,829553848
4,336684037	6,53069122
5,112895485	6,579713704
-0,398515323	-0,549016193
4,863502691	2,759707605
-0,752975956	0,325454979
1,018885068	4,665983114
4,579769412	2,832314045
4,057256251	-0,441079853
5,135316885	2,911449076
1,039908841	4,62480934
-1,232808712	-0,111669724
4,667668793	-1,170421288
0,671174215	3,634329715
4,452962604	3,326647347
-1,857332102	0,283420113
5,774196428	6,09903517
5,728009167	6,728256645
-1,34320927	0,467104064
5,316452004	2,469307523
1,554808894	3,901420221
-1,041237247	0,466417894
4,361784425	-0,384601892
1,437511672	4,420189351
1,947353202	5,038878363
4,663970946	-0,95725444
4,186811945	-0,299331153
6,333685629	5,982879227
3,815409814	-0,918302592
6,378614106	6,170806232
5,098326196	-0,563381508
1,282693749	5,161058139
1,120849426	5,090694637
-1,198108935	-0,320019598
0,622846752	4,297016282
4,889023448	-1,225699097
6,018791031	6,656142767
-0,259408964	1,127353315
5,007499744	6,859123818
1,100307265	3,809637769
0,170804122	4,307812243
6,12095017	5,230906324
4,194076169	2,762161173
1,395151012	3,721452312
4,271545606	6,039854063
5,948981153	7,414546676
1,091251287	4,41549969
5,072070379	7,283299203
5,047933737	-0,86989803
5,744039569	3,387233182
5,284906961	6,241669234
-1,020136091	1,030206864
4,814274957	-1,890378521
4,865406736	-0,539565775
5,590655174	-1,075087639
3,643994679	3,028977579
6,61970314	7,158285928
5,286797822	-0,262888187
4,307411893	2,763940638
0,992982667	4,464007176
5,795909665	6,250433725
5,999412765	6,053853018
4,812665308	-1,390932244
5,119127365	6,608515464
5,243971094	6,708882864
4,759808051	2,761568641
5,837099011	6,73535904
0,993089071	4,380870826
2,263528147	4,389672423
4,449493771	3,401905748
4,358165917	3,667513354
5,260652975	3,319191259
-0,168564853	-1,110886084
5,624291846	2,816971371
4,483220799	-1,66911794
4,476127133	-0,663221437
4,922459351	-1,533880699
5,770070438	2,908593662
-0,83440411	-0,652526434
0,010953899	-0,522648869
4,482110005	-1,35050633
5,016888833	7,694498194
6,008532806	7,414618741
4,897648999	-1,717555829
-1,56916291	0,591696401
3,905078335	3,864731179
-0,836192589	-0,76577985
5,479010023	6,927785767
4,570678021	3,573032881
6,550700765	6,754463832
-2,064805952	0,478169317
5,425190317	3,465642055
4,898131984	-1,165567952
-2,248280492	-0,245113082
4,237664659	-0,614499937
1,03325351	4,592152
4,187166737	-2,00552159
1,506528136	3,97766294
-0,742176944	-0,888360019
-1,424346087	0,038905013
1,099079417	4,361668568
5,740664127	6,723619779
0,406563149	4,189238221
5,717142414	2,584331963
-0,782604106	0,581314591
-0,384213308	-1,009211467
3,467130068	-0,875723746
5,1307427	-1,094170951
5,094267098	-1,28599021
5,634011922	5,631563571
4,472138211	-0,253577165
5,028120276	2,488068858
-1,890999951	-0,401031839
0,69089012	3,528390279
5,480766248	6,59997372
4,715313983	0,342192063
4,68988319	2,793760075
5,205160361	-0,632734421
5,913936077	6,401725664
1,223926813	4,165399944
1,81522329	4,033530252
4,94063891	3,150055758
6,139604818	6,029917941
5,517556203	7,582609836
-0,245533411	-0,350422868
4,260256669	3,043832002
6,192479543	5,949175185
4,894410864	2,946813966
-0,60364609	0,375548052
-0,787670291	0,234379261
4,761667567	-0,696332131
0,42530093	3,824482759
0,969412281	3,388155366
1,243510529	4,162089497
5,002718788	5,557204161
-0,153760906	-0,333329305
0,542780208	4,990244381
-1,290417146	-0,006902189
4,570282525	6,43747207
1,000171377	4,412268367
4,200125494	3,019121995
-0,765818531	0,511514274
1,726592598	3,698249664
1,582891971	3,972454106
4,651105437	3,287249261
4,294779661	2,544775715
2,050538886	3,514406059
5,84189434	3,042818668
4,511075819	3,075828889
1,046731013	4,527186527
5,883570062	6,763591043
5,06860159	2,950930881
4,002436179	-0,447750818
5,931278898	6,671228463
5,591849707	3,341425936
5,86692717	7,135243628
3,761306669	-0,860124854
4,97842961	2,855949773
1,784438086	5,241418458
1,718307586	4,199313766
4,690421703	-2,244961996
5,292342968	6,498881183
5,980433181	6,84594149
4,501434181	2,22172617
-0,867646587	-0,974794594
1,243827863	3,788180856
0,345525925	0,221393284
5,755562452	2,007064137
-1,017332926	0,84006555
4,91078383	-1,054408311
1,392254028	4,712980646
4,09011488	3,960827965
0,130381959	0,942120919
5,275859547	6,325255909
5,153435305	-0,751981819
5,936205664	6,062567312
5,137645766	-1,350017787
5,678438257	-1,273506676
5,103435319	7,194191742
4,675839332	-0,985123935
5,5140059	2,355886347
-1,343932862	0,76925699
-1,450084922	0,891408887
4,771130731	7,118273888
4,95456947	5,648242223
4,789795526	0,092502307
-0,802823708	0,794772709
5,571074121	6,094278451
-1,012331654	0,257818099
-0,979808679	0,528485967
6,09093756	2,964272943
5,261269951	6,892947494
6,003586632	6,004200833
4,034651897	-1,031691839
-0,913242966	-0,015076179
-1,530274367	0,332629881
4,126833453	-0,534846064
5,697122946	6,697803596
5,078629256	2,99577279
6,060382729	7,603590719
4,665738268	5,683335927
5,261334541	6,410253394
4,531925709	-1,18922945
2,015382002	4,902848599
-0,264006738	-0,500309349
-0,391684269	-0,424095871
4,711347742	-0,088952212
-1,387421511	0,239308869
0,292973332	4,628454517
5,035741376	2,813237258
5,042805261	-0,779093442
-0,489058323	-0,513046173
4,594619197	2,500286058
4,552578026	-1,18093533
4,625020705	2,982193312
1,968069582	3,940002961
5,553680041	0,127174266
-1,556933095	0,762001452
5,453063963	-0,812702396
4,176818531	5,964189235
5,125995812	5,751861009
-1,425057073	0,055001222
0,040705829	0,009616904
0,362211442	3,889276538
5,49993342	2,984196789
-0,340563613	-0,105461993
-1,024607018	0,843513093
1,879736128	4,097035951
1,139545716	4,826256751
5,242023498	6,36770052
1,128720251	4,257967274
-1,962572859	0,313204768
6,329115056	6,158036518
-0,38944012	-0,161663928
4,249759263	-0,08285138
4,867817929	2,444371374
-1,637832377	-0,223819287
5,467729537	3,150550667
1,512745205	4,345331278
-2,050568205	-0,614097341
0,251185484	4,410987963
5,452777944	5,63661889
-1,820588816	-0,048634157
1,233810786	4,589307393
5,481997433	0,161956268
5,793852327	-0,643801783
5,302146135	-0,035544771
4,198544192	2,322529308
0,762356581	4,379252063
4,651848671	3,418402981
5,706418712	6,946961757
4,16826456	2,804251506
4,860370346	6,495152407
1,472603113	4,000563671
1,787123183	3,840798455
5,907544807	2,71060058
5,176687665	6,136697067
5,70408104	1,903510607
-0,418737694	0,046957636
-0,210777355	-1,256633099
3,385302817	-0,721750647
5,335714292	6,523474766
5,064164438	4,005684576
1,272594089	3,761468723
4,863420484	6,083382754
4,836827483	7,291663424
5,057490498	-1,129540878
5,126459144	6,34915472
0,500892312	3,957409659
1,396462583	4,462720259
4,718938548	3,745673303
4,290014316	3,620869618
1,119376647	4,815339736
4,977748033	2,428668861
5,459633272	2,869709872
4,579365601	4,208853029
-0,233450729	-0,042348958
-0,785128284	-0,389178443
4,497827625	2,69749158
5,035048385	-1,5733902
4,217450495	-1,0371379
0,443529868	3,86733551
5,648313947	-1,35582595
-1,22128673	-1,058986901
4,033490602	2,132955089
-0,707087925	0,388894413
6,419183108	6,347137497
3,814005647	3,078974287
4,718297839	3,668187983
4,837548003	3,109020374
4,099589956	-0,347594042
4,656899212	6,112110674
4,709193525	3,725039666
1,316231828	4,284562051
5,34322838	2,114759174
4,727033814	2,863646237
5,152920053	3,345898034
4,878980745	-1,044446141
4,886257865	2,785420078
0,981350776	4,081638687
4,546627125	-0,027134853
4,304368855	-0,882470255
4,637904554	6,906137381
-0,476401578	-0,040816362
4,904495131	3,060066641
3,689303267	-1,151536354
-1,97168666	-0,140682729
-1,468993482	-0,681448426
-1,223870154	-0,718164173
5,702507782	7,019207264
-0,813696341	-0,058715585
5,628740857	3,079666426
5,152589924	2,750749207
5,874634985	2,680378757
5,386496972	2,658536561
4,605696996	5,551417158
4,555922221	3,163870654
-1,619658381	-0,190662899
4,222123632	3,425102824
5,660148596	2,714313895
4,651209334	2,77896979
-1,007223358	1,054325695
3,921359279	3,014076225
1,08211651	3,946697856
5,249577903	5,965478262
4,969842985	-0,303417675
4,509125997	2,582514345
3,45666193	-0,38558759
4,803511421	3,358241683
1,033805002	4,056740826
4,518072762	6,282766219
1,557551616	3,702149143
5,221319982	3,169936149
4,839717206	3,065818002
0,867384667	3,56557265
5,342350486	-1,133401599
4,327847101	2,023636765
1,076472223	4,707243551
6,142891466	6,418780776
5,638343394	5,817046197
5,600041371	-0,681982675
-0,243367508	0,136350996
6,723178568	5,55807052
5,39046088	3,748595853
4,374961053	0,025526348
4,685854432	-1,165762303
4,410974774	2,727373385
3,31010702	-0,517061006
4,909382001	-0,386378223
4,727008342	2,385420994
3,758354483	2,510644674
5,588249347	3,516943682
1,314488718	3,750412222
5,795800669	7,234976665
4,043298155	2,708665674
5,373535052	2,939502336
0,45870759	4,830033192
4,519351611	-1,422553849
4,268531619	4,208566264
6,587117125	6,54071473
2,144323845	4,370361739
3,812943022	-1,465289101
1,967586821	3,920422355
-0,843727697	0,031173215
5,708346593	2,896001733
6,053005007	3,348247307
5,010282763	4,055142651
2,233289196	5,042500137
3,870651351	2,421269547
0,735366169	4,100944483
5,144563365	6,878049633
-1,017968775	-1,111915835
4,325326809	-0,518969811
0,45458484	3,642805755
4,66519848	2,813127141
5,384732174	-1,187981861
4,140517666	-1,518930367
-0,476278196	-0,560569304
1,114075665	4,581336187
5,608642575	6,540954231
5,99233718	6,144792283
0,360403131	5,007254214
5,056322143	6,596488517
4,948238305	7,138507414
5,208379919	3,501450021
-0,897706679	0,554930665
-1,314386174	-0,154643678
1,312882184	4,172865827
5,313517962	7,343007429
5,299722119	0,101347781
5,699536083	7,223109889
-1,768552756	0,199201253
1,657536449	4,801635871
3,798049933	3,415341527
0,133776672	0,218550775
-1,30250178	-0,053895781
0,156659945	3,73578244
5,033493143	-0,946571013
5,262344511	4,090723135
4,632232306	-0,016563268
1,275373905	4,235027855
5,409295895	-0,463444885
4,862455739	-1,320345013
-1,61772242	-0,623079014
1,736886902	3,970736975
-1,154909462	-0,411437801
4,663582923	4,062914665
0,998493411	5,202560837
5,47594198	2,94552446
1,083069853	3,648838254
4,354118072	3,438005132
0,74660579	3,963026439
1,927432913	4,167393528
4,591590359	2,788877331
-1,874592308	0,647139738
5,458576474	7,211952987
5,358445012	3,288244969
5,08449785	6,930261521
4,811191444	-1,157927776
3,946950577	2,830255607
3,784245766	-0,752408206
5,096236576	3,567419907
4,544590454	-1,589556974
4,321642023	-0,377817018
-0,786025982	0,9790711
3,723099949	-0,364512838
5,268490851	5,587934686
2,172509898	4,89270991
5,444328745	7,18657997
-0,369260907	0,412393435
-1,799089214	-0,422427659
4,72312271	2,939095563
0,906762257	4,587146065
4,470176746	-2,003134858
1,812818271	4,327485465
6,41769889	6,497708375
1,214813473	5,034636017
3,930149642	-1,720584239
5,615057223	4,158852753
4,605810194	2,73563424
-0,810633017	0,252868836
5,4433844	-1,072969527
0,89283306	4,246055437
5,176074014	3,914663194
4,957782668	3,340152631
5,213046426	-1,56984786
4,145118815	2,807998162
5,572067517	2,644333277
1,190132495	4,151631314
4,771658308	-1,338878019
5,750193612	0,278390598
-1,741477042	0,328100562
4,719730695	6,036048704
-0,883193928	0,231984922
5,312265391	3,039083657
1,648268447	4,138743278
-0,276747378	-0,796815493
5,937495185	3,087837993
4,01074093	-1,741252829
2,083687955	4,527028785
4,206082957	6,06920835
6,606378807	6,271620273
4,680955752	-1,027014087
4,599519317	2,119219368
1,302097236	3,97666276
4,556033677	3,01024504
5,627051679	6,398665535
4,946241118	2,943079476
3,809247781	-2,196400843
4,558200759	-0,727534297
4,721891665	2,988634593
5,483797261	0,431902661
5,183531407	6,620879464
4,396320795	-0,565399857
4,577843963	3,259724631
5,110029337	5,652893289
4,031735215	3,26163254
5,90428956	3,873758441
4,915392962	-0,023641495
4,815287068	3,215645163
4,822559644	3,345623531
0,969566305	4,350136311
5,721981536	-1,088122441
4,220288148	3,053205929
3,902829606	-0,210398542
0,463491377	4,171931951
5,057030597	-0,374102387
-0,982612524	0,042147414
6,540335703	7,085996496
-1,414186728	-0,170602976
5,261434384	2,581603307
-0,944647141	0,352932028
4,494553058	3,66474223
1,591120662	4,461255784
4,898460353	6,890591919
4,596095247	3,861544039
0,956626905	4,404182943
5,41567347	2,702051961
5,815883738	5,311967197
4,607613629	2,366080651
-1,138514511	0,182500705
3,666785484	-0,720993831
-0,922024705	-0,30572063
0,212135357	-0,987058373
0,250877389	4,159433489
1,11994371	4,487707481
5,764265226	6,488880202
0,420726142	4,070990614
3,876053874	2,301487457
-1,089198055	-0,795045454
5,491448021	6,879251654
0,754686217	5,130546103
2,006173104	4,435251822
1,372013507	4,952412466
4,387923543	2,749333793
5,13633754	-0,033924067
5,389073685	3,637608859
-0,850442609	0,534791322
0,938256335	4,469767376
4,391635398	7,147223462
5,19348086	4,146961892
4,614354168	-0,437567917
5,320081591	7,034606889
0,637275417	4,170157954
5,015890638	2,139948651
0,000823264	5,041302463
4,946995576	-1,286472317
5,341111532	6,409477783
1,396855372	4,112073664
4,418139928	-0,61918759
0,631653809	4,460515695
-0,434912102	0,063015653
-1,48236143	0,10431022
4,087315303	-0,55763167
5,565531072	6,43678031
-1,519296762	-0,008888232
0,437629001	4,651144564
5,278481422	5,547609618
4,347357751	-0,705199375
-1,755285958	0,417733076
0,341180804	4,361065296
5,014083883	5,337923535
5,232382662	-1,657974485
0,399198571	4,924386743
-0,230627181	-0,641500477
4,124896864	3,658025308
-1,017349445	0,196990876
-1,58638586	0,120922781
0,413686785	4,63695264
4,517977974	3,457276148
5,662675937	6,975362684
5,30695988	6,727506294
5,285864724	2,935188872
-2,017613953	0,644392651
4,889475897	2,290775445
-1,306042574	-0,293615054
0,059157183	4,397822863
-0,15509071	0,52731615
5,254790242	-1,513952004
4,262418591	-1,255488809
5,669054658	6,133173431
5,294287651	-0,890660133
-0,058251881	-0,151910538
-0,281320952	-0,579894154
4,157491798	6,311194591
4,540142355	3,115507302
5,206008243	-1,16070629
5,154484863	-1,178970318
6,528510038	6,738279345
5,675751032	4,098717061
5,088902768	1,884157747
-0,814086717	0,079726018
4,881579952	2,280815435
5,183269158	-0,992307426
-0,366488097	0,032927922
4,6096844	-1,951441717
4,71412798	5,769776488
1,783130227	4,911937041
1,161421255	4,126322702
0,740711104	4,086045276
5,382111007	-0,693868574
3,953664003	-0,791466397
5,467779177	-1,1447876
5,392761878	3,801718977
5,470134553	2,733559282
5,347965533	6,618112814
4,833136683	3,108656412
1,360353573	4,871977506
5,290961496	6,700541808
1,086400925	4,643666313
5,394783634	5,933240041
0,523123387	3,513987522
-2,325218856	0,316245782
-0,434441646	0,035345816
5,119089753	4,007864867
1,955815064	4,45236393
1,233186597	4,754723812
4,413642904	3,570658877
1,452244046	3,707595148
5,802898146	-0,349752136
0,510236232	4,682610067
6,383987934	7,278185564
5,166411152	2,585759188
-0,547869314	0,507695902
6,42536485	5,86649255
4,714402323	2,910003861
4,258404827	-1,930333827
5,066736953	7,217411946
5,415759232	6,422894869
5,016270332	3,879190987
4,326144476	0,435843579
3,286964738	-1,168990143
5,332608249	2,173543415
4,619631834	6,488263411
4,305538197	-1,644590878
1,564964579	3,683073431
-1,438223261	-0,05663226
3,957695571	-0,412745548
4,52596053	3,088132782
5,364520164	5,501007573
5,50015037	5,765622073
-0,053501057	4,511496634
5,55067546	3,389438062
5,091573606	3,382703241
-0,912814066	-0,228742448
-0,443191075	-0,687998041
0,604990482	4,96779163
4,406780545	3,171734415
4,866122206	2,586633481
-0,384424983	-0,208578055
0,862920654	4,855325136
5,097256235	3,271679223
0,804915791	3,715452309
0,396364456	4,459445018
0,586330861	4,218520875
1,200605588	4,38735941
5,839779086	6,490711502
4,261921703	5,706211213
0,870964046	4,733318078
4,648880979	6,57836215
4,493810053	0,481349965
-0,799560287	-0,972935386
4,41176464	-1,238989884
5,51366678	7,191175485
5,862541741	3,208783244
1,732718633	4,605576194
5,343886243	7,375741654
4,67282915	6,650227451
4,363716857	3,447325984
5,292257185	3,534680693
-1,291888945	-0,143953403
1,349065109	4,73065379
-0,110915948	0,302983966
4,563583209	2,129177948
4,611395183	5,39417867
0,606070064	4,072355039
0,533496174	3,969919432
0,876997394	3,908099646
4,629637872	3,037605643
5,839187507	5,482073096
-0,007338665	0,277241601
5,55556964	6,480265231
5,617565971	6,904947462
5,559461722	6,9185694
5,212180471	2,513948439
1,168896223	4,487122565
4,088977367	-0,860566484
0,585604271	4,622825486
-0,342028457	0,196845274
4,305951096	-0,053197289
4,30813045	3,69658616
4,403606801	7,447764793
-1,43917279	-0,479198731
0,951922692	4,736631425
5,410336628	-0,646077697
1,98768364	3,388399041
4,707724217	-0,583565051
0,964329941	3,897138766
5,056909481	-1,695827888
4,844420966	6,377130627
4,514924918	-0,336894625
4,264806585	-0,625251783
4,645044238	-1,446567793
-1,719699383	0,216149756
4,649927216	2,797841379
5,213910401	3,159902065
-0,206357292	-0,332199252
5,057601121	3,311383466
-0,753633282	-0,510051038
6,288563468	5,693044927
1,031343209	3,874979434
4,721657914	-0,642601101
0,271664885	4,475986775
4,960782434	-1,474368803
5,934954419	2,653838274
6,326622262	6,254390134
4,757479029	-1,372411669
-0,244112851	-0,195272934
-0,484837893	0,516703978
3,762745886	3,237906632
5,782617496	5,866879653
4,024789875	2,296347286
-0,993282087	0,48600903
5,364866209	6,315453955
5,91941964	-0,609744794
5,389324667	6,155433118
5,03639523	3,449551516
-1,170930476	0,82394165
5,055348202	2,892283391
5,939978956	6,267898549
5,029846443	3,209324626
4,431538655	4,225767516
0,845060944	4,138536106
1,362422207	5,134824309
1,42155541	5,12264641
5,357858604	3,358983403
4,69676505	-1,171357286
5,545799969	7,38422945
4,740197508	2,884656374
6,190154507	5,776887632
5,966881669	7,254258346
-0,64103198	0,33524413
0,207663601	4,316899537
-1,074864853	-0,299503419
-0,107368531	-0,723194001
-0,601507372	0,457884228
5,309102125	3,603124471
5,380832003	3,415052341
-1,371568857	-0,131695351
5,503304473	6,107550305
0,501381202	3,959725187
4,391960308	-0,340557999
4,463707059	-0,868951414
4,060149178	2,632187063
4,806143448	-1,770981993
1,156361553	4,659142172
-1,378942641	0,840415802
5,768289391	2,692634328
4,330323037	3,511110734
5,117134245	3,104814868
-0,488695668	-0,939948312
-0,46584892	0,669084389
-0,95129861	0,226237748
-0,020237066	0,694930442
5,30354762	2,14837426
1,31807638	4,330129042
5,644036464	5,666730211
3,893020476	-1,299445028
5,469631003	6,874115071
-1,651007714	-0,175192201
4,771638162	-1,72319423
5,042811606	2,973380869
6,19936994	3,434311101
5,196518823	7,670411203
-1,239365606	0,42572482
-0,861582744	-0,422916368
4,821507129	2,840054012
4,087016922	-0,661913828
-0,177300207	-0,145274017
-0,421252008	-0,869538952
4,664819706	2,466550522
5,453755308	3,249660931
0,736794624	3,712453592
-1,141461871	-1,085838231
5,960981536	6,028625807
-0,729412546	0,93035232
4,76646589	-0,564736832
1,799896615	3,609892727
-0,400057917	-0,085313664
6,476008022	6,081404289
4,264453745	4,033164866
0,816977654	4,189288581
5,042066105	5,682005618
4,808512629	3,506523631
4,383661462	3,654218073
1,636327495	3,610550693
4,239835006	2,059591023
4,918991091	-0,582305744
5,723413394	-0,106912995
1,118438447	4,175704519
-0,236106288	-0,322601319
5,512624014	3,314553897
3,715100589	-0,846089748
6,642539054	6,015676239
5,453878535	5,89088813
1,318710972	5,002710469
0,524901954	3,812822762
0,493578461	4,112010989
5,626058732	6,4939465
5,23337645	3,203784448
4,730067019	3,662204173
1,4268186	3,70501586
4,818672264	3,176989317
4,784892174	2,665540445
5,260685391	-0,073484195
-0,30005133	-0,273827705
3,933327369	-1,032660018
6,055215291	2,934811878
4,699066064	6,210798337
5,129212086	-1,854638756
5,367807911	6,508148565
1,01162697	3,631949567
4,178192067	3,155128951
0,791277231	3,619096378
3,611917022	-0,97517487
-0,842336359	0,523067651
3,880622994	-0,773965707
5,00632219	2,958389543
5,838542123	7,235173756
5,090181127	5,842344905
-1,47689583	-0,089216002
5,463976133	3,047303028
-1,110536805	0,324608287
5,004603035	6,53215165
4,420684806	-0,841618571
-0,038225817	-0,67123482
4,037125479	2,605008429
4,835855476	2,954149935
4,447253045	3,323614583
-2,199475925	-0,800878177
4,38730862	-0,745259528
0,478056562	3,393374546
4,623469797	7,124865147
-0,278017012	0,097473769
4,681475561	-0,169083175
5,052076257	2,587413756
-0,618713069	-0,888358177
5,571393207	6,887983947
6,430332219	6,933588995
6,4446854	6,275852988
5,609365306	7,283222898
5,461765365	6,506943198
5,863042971	2,19475817
0,12402718	-0,844894751
0,746306563	4,173036855
-0,813536921	-0,642707634
4,953181742	5,64400285
5,572424209	-0,093286331
5,353194802	3,839739282
-0,186374811	-0,506692722
5,36467058	5,673429012
4,490040338	3,337803979
5,780185902	2,419507882
4,314774313	-0,409421499
-1,110274618	-0,62349344
4,161137489	-1,898055754
4,585563256	-0,557720906
1,764715866	4,143467023
4,566624793	-0,490374043
5,169102179	-0,718336287
5,941441963	6,468730949
-0,235272083	-0,252805147
4,410811823	2,404770411
1,076685116	4,135141089
-1,149053217	-0,611345921
0,857749042	4,860980977
1,616096594	3,534284851
5,892930835	6,645615241
4,833974399	6,33621211
5,427948186	7,157030669
6,051649675	6,304618656
4,442233355	6,553093375
6,005282005	7,075405636
-0,520493625	0,924552112
5,878630737	5,551310079
5,156887766	-0,245926887
6,238207725	6,226239618
0,032216929	-1,306407576
1,070885353	4,346950485
4,921844868	3,542112633
5,106564714	6,208702621
5,212336601	2,958054038
-1,720589768	-0,860571271
4,571693745	-1,44823313
-1,069525931	0,100285529
4,255545102	6,095147701
4,43605374	-1,139732478
5,133970386	1,844794187
4,838004162	-0,701765738
4,636428931	3,143161724
0,928224938	3,891071287
0,618088494	4,062320096
-0,363231261	-0,415513489
5,148336195	2,713327199
5,210160662	-0,942136974
3,663604481	-1,237787633
6,081699212	6,103919008
-0,80639801	0,391308975
1,474725567	4,818943864
4,769541403	3,677060626
5,302862956	6,961176036
3,725236069	2,872969354
4,98390099	3,409057386
5,632482167	6,538847933
4,197559803	-0,545264847
5,443618802	2,590595784
1,68072545	4,106339964
-2,052602592	-0,688166599
5,895730707	3,671418764
1,395183384	4,598733225
1,069871548	3,48050711
5,503072279	6,659510726
5,951926931	5,821233573
-0,848669049	-0,393447444
-1,165557934	-0,670250075
4,354940338	2,332423889
4,415944183	6,683133922
1,464673788	4,987025682
4,913890162	6,021786378
5,839342858	2,603222174
4,761832537	-0,40128346
4,91574775	-1,062805665
4,657828683	2,989838204
5,580156257	6,17486181
5,696887953	5,921678574
3,485619024	-0,445470651
4,280693889	-1,398916521
-0,496805057	0,343904399
4,603133063	6,918549723
4,947228982	-0,951144231
-1,802730174	-1,192553038
-0,272084266	-0,433340196
4,28317932	2,047679454
4,469443821	2,613073577
4,385089484	2,70381875
-0,990795517	0,699779077
1,368140673	5,225822763
5,053550285	3,899959045
0,839471893	3,99980948
0,709555571	3,477821748
4,252160222	3,327041607
4,119135256	6,282083598
3,747496137	-0,442557435
5,990293632	7,084706718
4,106994511	-0,546071261
-2,356056438	0,885591834
4,532922899	2,986693488
5,831793738	-1,43840625
4,669434801	5,952756335
-1,83673997	0,028962385
5,186870512	6,346731744
4,952428905	2,206488401
-0,119391189	-0,096456532
5,479924289	-1,599971524
5,846256877	5,67395338
1,433618589	4,383527014
5,635913103	6,474248219
1,523222009	3,918601968
-1,25772573	-0,516921881
4,246177653	3,371962631
5,305906002	6,252099231
4,493992846	-0,069675832
4,826277675	4,093023852
5,028030675	-0,617125813
-1,949318583	-0,163497922
-0,631926233	0,332036991
5,097269065	0,501727394
-2,007875119	-0,848674774
6,021400008	6,41500237
0,601775356	4,217475608
0,52893629	4,557173312
4,810003825	2,522936962
-1,963291641	-0,17171411
6,676500023	6,757949913
6,330512685	6,867137858
4,927782511	3,625761782
4,851112414	-1,593674371
0,480107544	3,707028274
-0,943887797	-0,609187362
5,456845975	-0,835470818
4,821205225	-1,358241765
4,513685468	-0,565187261
4,14374642	3,097086201
4,272984976	3,212631703
4,917839647	7,635468188
0,546768043	4,551954871
5,898916709	6,515417391
4,986845952	6,535515954
5,293749837	3,816737
1,019200359	3,597702783
5,863702922	6,432086739
-0,991598056	0,815484793
4,162523529	4,088662218
6,014322969	2,765432154
5,461658175	7,29095626
4,981606183	-1,205041399
5,147162054	2,377708081
4,690001288	-0,991312413
-1,097267202	0,654317088
4,961320674	1,94921378
1,294428784	4,38141219
3,808835453	3,089168112
0,324388864	4,706461945
5,134008372	3,12458334
-1,389410288	0,238971387
4,614568344	-1,0017942
-1,601561381	-0,925865458
1,769630365	4,321726971
0,864243592	4,19622923
1,034896164	3,937829106
2,012332631	4,398844898
4,439249512	-0,885333987
-1,288970137	0,198396854
4,548648943	-0,585776892
5,650854579	5,787565186
4,09267753	2,471841956
4,581044887	-1,313024773
4,720420267	-0,336746561
5,733320116	6,821688797
4,779460489	3,405338643
5,234525183	7,561146461
3,962402618	2,694927765
6,254616248	6,366571814
1,545523754	4,497936638
-0,768061563	-0,915421003
4,668410549	2,222408423
5,497122107	5,624276758
4,78107678	-0,974864568
4,67249377	2,837834193
4,824406289	-1,26514594
1,89946909	4,978281887
-2,047401314	-0,758724445
4,875153335	5,539946834
4,839585383	2,48212117
1,555458496	4,322519305
0,344052273	4,789070529
5,531620224	3,660384918
0,712714247	4,160455337
-1,668485896	-0,238269018
4,666116829	-1,599487557
4,492400577	-0,16225623
5,225479583	6,515788089
-1,284092949	0,079398392
5,374241019	5,660554677
-1,377233827	0,550625402
-0,394053382	0,971779623
5,237581677	-1,876884389
6,364621575	6,639482675
4,133312109	2,659222881
-0,584488172	0,408660666
4,87281285	2,911360436
4,808334802	6,746069898
-0,926464291	-0,169817792
5,166339706	6,265079853
6,489427812	5,789187273
4,945849199	5,576551855
4,66970962	7,249961513
4,678556302	-0,045144931
1,221361005	4,219551678
1,508127316	4,801897002
-0,178761223	-0,141099036
5,007769445	6,70693199
0,942461873	4,575353076
4,223497948	3,882011949
4,264031195	2,001537487
4,819009351	-1,697200799
-0,802192262	0,296536024
4,92926759	3,133639091
4,540074738	3,47658577
6,201243674	6,710898855
1,598252504	4,364567187
4,412204805	2,523960913
1,484743541	4,417397786
4,769420843	3,044067786
5,199317867	1,867553647
1,01354292	4,840948546
4,880444897	3,445481794
5,171501561	2,965420088
-0,093225754	0,494994646
5,1093856	3,602394775
4,930699943	6,430107396
4,504467606	-0,942121112
4,284211468	-1,045567422
5,376397835	-0,770809551
4,202679548	2,715565303
5,38439048	6,479941533
0,755602244	3,298316758
5,76622945	6,202271567
0,666167043	4,517285238
3,29571683	-0,808050011
-0,312154685	-0,534145677
1,282909357	3,777742384
4,379434011	-0,126160167
5,542805159	-0,197835117
4,332775576	-1,458308708
6,204619888	5,379650889
2,311031514	4,650507254
-0,685628379	0,847431516
-1,344514237	-0,321977971
0,826720372	3,973343634
6,491067925	5,809709317
1,410431695	3,543331516
6,12984056	5,592115505
5,216939151	3,689882335
5,536333943	2,385916456
5,931321507	6,807557333
5,36999223	6,718622938
-0,596940791	0,003169254
4,031725092	2,841376777
-1,452500295	-0,529688351
1,020724337	4,508156947
0,663757505	4,104673733
5,763435506	2,460473587
5,086560384	2,814788521
5,962602009	6,987751401
4,677328486	3,461448822
1,110193291	3,87376738
4,028022482	3,068530284
1,38077323	3,706577994
4,694318821	-1,237348846
1,220034651	3,929721744
0,671493659	4,87632998
1,206511667	4,544272775
4,621319586	-1,508031681
5,870635977	-0,921338322
6,092575758	7,18264211
5,066622089	6,803158039
5,283044101	6,794145363
-1,542406746	0,487548565
5,189983828	7,517358662
5,594071395	3,219207136
5,622710931	6,112445889
5,742786634	2,945305109
4,252037551	3,491843582
1,474158746	3,51025944
5,305063545	-0,837431807
-0,613810659	-0,845607458
-1,757523381	0,311805819
5,66444294	6,335418533
4,489409905	3,471689868
4,69412881	0,350982565
4,34921745	6,222520247
4,820329799	-1,125306916
-0,572346535	-0,504598234
5,200283702	-0,656805084
-0,995956204	-0,920357416
-1,79992962	-0,3531647
5,059838642	2,396101719
5,312333642	4,030594939
0,990989061	4,731367325
5,31433638	2,841543726
4,438863668	3,021518548
4,610743965	-1,461440794
4,449417596	6,789409871
5,803568833	7,007446462
5,09832908	2,476903044
1,63402241	4,659986253
5,243770809	-0,469014548
5,36737428	-0,949714411
4,87804409	-0,35400526
4,15500865	-1,150203201
5,317342655	5,926985465
-0,065120768	0,636260289
0,720438498	4,303105513
4,853591409	6,570245235
4,962535595	3,483518339
5,554863191	6,272405383
-1,485348294	0,312191945
1,924392649	3,987180443
4,790196982	0,032607656
0,428952012	4,889895358
5,39721273	3,060919176
5,342257968	3,566563458
4,697058677	2,809586093
4,890588059	3,163470843
1,777782335	4,506687144
4,451570996	-1,532577594
5,042338945	2,377843813
-0,840539863	0,355262544
6,232781975	6,480278645
-0,9047622	0,128714624
5,924443659	6,409712037
-0,602814648	0,264056234
1,59122314	4,183956105
4,444649753	-0,397782575
-0,357107085	0,386191771
5,168826028	5,699193563
4,919149251	3,375455322
3,7539749	-1,126871942
5,299849896	2,904813905
-0,87588406	-0,246480976
4,18581368	-1,04323246
5,933089596	2,717232758
1,532259218	4,86473491
4,820624291	6,708609938
4,331784527	2,718238693
0,723994276	3,892517023
6,217271641	6,211775182
-0,84250734	-0,14124077
0,321135071	0,054672143
5,405427535	6,535118535
5,60865234	5,947747861
1,462196895	4,840226549
0,407950255	4,138322186
-1,822482565	-0,075261396
5,859181904	7,223171248
-0,603941999	-0,632675268
5,902744164	2,635688256
4,296473683	6,569425783
5,44401171	-1,043616457
5,241380794	-0,232119483
5,695339436	7,253379037
4,497733715	7,001249771
1,314610743	4,980592316
-1,735433033	-0,634399416
5,246985222	6,012662422
-0,7487541	-0,263094467
5,160428129	7,28871638
0,157455165	0,255579242
5,108663127	6,617553549
5,276808278	-1,113220807
5,174619204	7,25040511
-1,348836958	0,968241742
1,132692749	4,118376023
4,913652809	3,184341124
3,554636415	-0,123541372
-1,512836144	-0,421440071
4,4718704	1,800393042
-0,715861947	-0,616602638
1,004493202	4,027455685
5,056026516	-0,714467237
-1,911767562	-0,298627929
4,5789985	6,089638099
-0,526751196	0,967011517
5,456032735	2,097189503
4,977323473	2,828923334
4,381612678	-1,469670213
5,263753522	3,585896519
1,55549738	4,52876569
4,643119668	-0,877055475
5,160086433	3,108335081
-0,523364979	-0,278780549
0,673733679	4,753077321
5,723250407	-0,599504556
4,773669497	-0,630124735
1,349805274	5,105447027
5,578876892	6,596689248
5,099492518	2,937077357
-1,250184835	0,322660397
4,656263286	3,109110922
1,041008346	4,117282934
-0,686761296	-0,505941628
1,871522485	4,342024993
2,290548363	4,351178202
6,662229349	6,173932095
-0,400819713	0,461610783
-1,083364364	-0,816149158
3,308102723	-2,283228959
4,207679614	-0,069619263
4,909204209	3,600925737
4,693108606	-0,277660076
0,980349839	4,121595945
-0,424203275	-0,216728588
6,343826089	6,801610745
6,031615469	6,367712495
5,068603406	2,929611725
4,767166539	-0,471121654
-1,036171701	0,438018215
0,109880282	-0,687703663
5,195819081	2,799143986
1,586989506	4,243376277
-0,86607282	-0,894727084
1,321172895	4,796904205
4,263550703	0,02823521
6,647020612	6,791090662
5,448049543	2,172826838
5,89573215	2,737233231
4,128993974	-0,190918601
5,487113515	-0,234814273
4,724184819	2,362193586
1,066263523	4,634146401
-0,577564998	0,140058208
3,853575614	-0,874895084
5,610030634	6,165870055
-0,905769823	-0,534326877
4,71882282	3,439925596
4,427155394	-0,502084428
4,619671089	2,392713017
4,41271046	-0,263354549
4,577817638	-1,764259025
6,567767677	6,899594612
4,963267782	-1,25897724
0,56330323	4,389757645
5,088718182	-1,618745869
6,500536684	5,631454962
4,140054304	-1,445486839
4,347780604	-0,773709578
5,233095311	7,009995435
-0,439740254	-0,337425179
-1,041227882	-0,118530433
0,648095107	3,96739632
1,700401543	3,659717551
5,599291787	5,771213593
5,758203061	6,508696798
1,194046187	4,079374233
3,929596751	-0,324312589
4,752446326	2,358594682
5,487374332	3,26008893
1,092203107	4,384514123
1,065030396	4,199027866
-0,124736064	0,420135183
0,031296774	4,011011072
4,46281512	-1,840036079
4,072423649	-0,655001284
5,102827189	6,736619129
1,093913293	4,409525727
5,751883955	6,174984744
4,60423158	2,525167422
-1,090876796	0,120235218
4,847364918	3,051029546
1,054586948	4,354989649
1,198975292	3,939194471
4,635690499	-0,798350494
6,117384441	6,326405816
5,056263404	6,227198399
4,667967701	0,435715235
4,322849779	3,400448688
0,470669314	3,870445839
1,732886095	3,834071939
5,45548456	2,833546307
-0,557218435	0,044608944
1,206244571	4,705936093
5,983184318	3,081801315
4,741639955	3,117544372
5,383145216	6,473032623
5,296272376	2,65588918
-0,289510404	0,192186633
4,765588999	-0,872173998
5,291650861	7,283713562
0,39933244	4,521828284
-0,479615563	-0,176885017
1,202564194	5,093659846
0,988453369	4,953924241
4,423387277	-1,309849513
-0,712340831	0,34283837
4,535285149	-1,391224098
0,867111359	4,310180675
6,551594273	6,470949096
5,530585704	-0,908955554
-1,08970898	-0,029649417
5,325606177	6,872946805
5,417183443	-0,882623867
-0,535280664	-0,000574119
3,486147612	-1,254852286
0,925894123	4,42935474
-1,285675767	0,660366176
1,065500631	4,82574113
4,556975909	3,538670316
5,781020811	3,413839396
4,165772409	0,238890063
-1,295360454	-0,251554728
4,949977225	5,921599872
2,249743768	4,176143431
5,000392425	-0,490546559
5,15994256	5,98006356
1,808043826	3,822327362
4,082517765	2,868430071
5,126448634	3,700297228
3,813036514	2,923716621
5,626836545	6,757880591
0,557113276	4,391487933
5,999628605	2,968676335
-1,423536039	-0,74619852
5,539355634	2,811638054
5,242106339	4,185972442
4,437890098	3,008133894
1,041792824	3,420200394
5,160627874	4,081508543
5,873346105	5,683308643
-1,173584336	-0,195985977
5,003316663	2,867787768
5,371949781	7,310024545
-0,668589136	-0,334154086
0,573984543	4,654103532
4,207128176	3,702017182
5,191307515	-0,965528234
4,882823044	-0,500969264
5,562873721	-0,2721287
1,327287367	4,121186537
5,317499872	6,153571035
0,995732155	4,442972275
6,336196668	5,323201095
4,655239758	2,440429598
4,574079077	3,010530915
5,181687391	-1,473309924
3,961894002	-1,194538157
5,76965086	2,923405899
-0,462438645	-0,007062304
4,231452961	3,096984106
5,388904514	5,782808194
4,22229758	6,704435736
4,730928544	2,54192387
-0,61967158	-0,097866382
0,986544572	4,997295884
6,211941226	6,980383893
4,461763083	5,65899287
4,579045718	-1,557841442
1,979061485	4,220444196
6,444435715	6,948988928
1,772649958	4,29036735
5,071868808	6,516769317
-1,49096874	-0,032207877
3,896539048	3,210666031
5,959245546	7,68979756
3,755277357	-1,026087266
4,763386434	6,05531148
4,960232494	6,379286557
0,821270009	4,27053443
3,495207158	-0,581859745
-1,784790687	0,674858922
4,608543167	-1,237099408
4,606876116	-0,296526987
4,924587555	3,28021177
-1,599355949	0,646192341
0,7350208	4,261085563
3,584198751	-0,220904758
6,073972533	6,518366731
5,395075099	2,691385563
5,068161774	2,335824588
5,525354634	7,126257152
6,122783712	7,053819919
-0,21645536	0,201624366
-0,989940897	0,513011429
-0,881634709	0,053277569
4,794681967	2,446579218
5,61E+00	6,439468062
4,513275053	2,310689334
-1,19094198	-0,042712874
5,356181852	-0,922390402
4,90238776	6,443504784
5,00107806	6,352316155
-0,720194599	-0,307067711
1,26169992	4,632375526
1,666754151	4,910762481
-0,603322944	-0,333797913
0,837478842	4,306681161
1,614665957	3,87946869
5,001136746	3,480486286
4,44861446	3,476909439
4,663436034	-0,27418025
5,401807406	-0,780158044
-0,479849289	-0,432041728
5,18382953	3,177457948
4,329077524	6,112121505
-1,75872025	-0,448948653
5,138952969	7,647633688
5,008718535	2,323862635
-0,74801007	-0,442608365
6,214000176	5,808407332
-1,17029551	-0,538063342
-1,607356527	0,249857093
-0,745788089	-0,434956108
5,883250781	6,13148039
-1,40791008	0,101038779
1,516761277	4,577979911
-0,599020576	-1,054809812
2,112417239	4,144997343
-1,501420505	-0,228660977
5,944176031	6,421939784
4,466285171	3,337958187
1,520837456	4,216598601
0,524120547	4,553005361
1,601356115	3,893329153
5,582125277	7,083714188
4,911341629	4,000275545
5,046539283	6,434294351
-0,260720391	0,923221072
-0,689729269	-0,140501724
5,383013884	7,319075411
3,564820454	-1,553356171
4,560934805	-0,468413499
4,776521066	2,790810658
4,816188798	6,578547205
-1,243818414	0,429370179
5,909625351	6,155030941
4,777344448	2,276525484
5,688658969	6,499947938
0,024026428	4,748827795
1,215337068	4,156923228
-2,26174666	-0,558874464
0,669789538	3,736383082
-0,519095923	0,581370282
5,11399662	3,264367536
5,008300581	6,817057877
-1,780912782	-0,066716482
5,11787278	7,685721433
1,469464353	4,391271087
5,255620106	2,582896813
5,402158656	3,15027644
4,703205895	-1,791044394
5,048087704	3,454215782
4,534282776	6,830740455
5,836475055	7,359014545
4,371217287	3,719782234
2,093988547	4,095885391
1,489328942	4,080163245
4,767622276	3,484858545
4,920442941	3,801679145
0,062709406	-0,637729384
3,846406089	3,231005227
3,645711744	-1,148037667
-1,108371285	0,184117793
5,835224925	6,745978568
4,81258673	2,889719723
2,012789	3,993599632
-1,583383514	-0,427141767
5,799173534	-0,672280461
5,424213266	2,710039259
4,732879701	3,475028898
-0,849984887	-0,680711475
4,052645493	3,156092093
-0,036165046	-1,147975833
-0,858408759	-0,107118517
5,52814493	-1,085836217
4,330840629	0,266306184
2,022083386	4,911466316
4,417924882	3,489704329
4,917388877	-1,916391244
5,981474268	6,504974391
4,468555603	2,503760539
5,230281536	6,082364405
0,459376417	5,107489642
-0,945095273	-0,166412731
4,252993911	5,732084818
5,074775044	-0,404512082
1,420221421	3,98982014
4,390659511	-0,128589009
5,034543637	2,616082677
5,680265142	7,298722305
-0,978033644	-0,606140074
4,100392039	-1,150484327
-0,672879879	0,360919089
5,165177951	7,2120266
4,908278329	4,260353356
5,009283976	-0,001618285
5,390914442	6,587584987
-0,888406154	-0,176375953
4,343523695	6,815702911
5,590615704	2,931225831
3,891976277	-1,25582522
4,995141288	-0,257258032
4,034776083	3,33271878
5,139211996	-0,796333837
4,551594135	3,528693474
1,029167351	3,97885822
-0,567937981	0,435809629
0,100934951	0,694906577
-1,814435707	-0,393388177
0,625119788	3,563146275
1,201364935	3,394336832
-1,058886933	-0,600281196
5,223403558	7,170851392
5,039875704	6,745088831
4,761004479	7,230342338
-1,036403888	-0,417395648
-0,292473222	-0,926324216
4,183821134	-0,754447953
-1,183079414	0,146253735
5,735175033	-0,987198651
4,800324142	6,01592724
-0,480347732	0,823755749
4,469440476	-0,865570169
5,83927098	2,674282306
5,686349564	2,83005947
5,33725166	3,657939625
5,43855099	3,567652946
5,501379445	7,357006644
-0,548033474	-0,428583059
-1,113430424	-0,379725586
4,677042892	2,661435897
-1,954866468	1,102435336
5,174827014	3,81799985
-0,493917383	-0,569064157
5,850585173	7,178153613
1,049947605	3,859895029
4,596905828	-1,933781329
4,871583542	2,805359296
5,07521851	2,78243026
-0,057890155	5,24820461
-1,587092417	-0,53757543
0,24246721	4,514851737
-0,780530726	0,033986308
-0,065602193	5,108902451
4,776621284	-1,258307252
5,584434305	2,174052256
4,692670728	-0,859670113
5,954864007	2,782195072
0,688856199	4,44761281
-1,626022212	-0,235059279
4,865971334	2,772057216
4,883327163	1,88555257
0,309289685	4,554046822
-0,85532959	0,366553822
3,848735148	-1,043358031
-0,55068418	-0,52627558
3,525720287	-1,031335124
4,726243718	-0,694544571
6,342566698	6,482094772
0,344107347	4,029210385
5,252246784	6,802013541
6,316749735	7,680736671
2,013293203	4,912710673
4,735101172	2,264393187
4,581480104	2,671139572
5,746315439	6,169734932
-0,318280038	-0,508115577
-1,402708833	-0,417247965
6,736299754	5,83263051
5,955863988	5,606655264
-0,540586516	0,178571676
-0,243714626	-0,952323373
-0,743909626	0,074335459
5,398498683	3,795917982
1,190194116	4,76499944
4,235366131	2,809853853
5,010011771	3,438387311
5,242297446	6,668970026
5,035454136	3,229419361
5,072050999	-1,535296611
0,195581794	3,858077401
5,77595048	-0,65417696
6,319475782	6,329336632
4,965134854	3,724336923
5,119300169	3,313976511
4,762016968	3,882115554
4,68880058	6,747298787
4,511817587	3,71648656
4,688219891	2,732276034
-1,035592008	0,222471651
-1,763759418	-0,37947293
3,85889354	3,421562755
-1,149949413	-0,482864216
1,023184922	4,723533384
-1,18865883	0,503130472
0,73158122	4,076859146
-1,589751075	-0,229116684
5,102741551	3,400680351
3,908104354	3,844886359
4,930945137	7,654285786
5,923515058	6,25123285
1,184540407	4,157448846
4,926861381	6,648676251
5,335171124	5,748534556
1,1409447	3,998523496
4,72773727	3,68237672
-0,947490147	0,18453882
1,345342904	4,263306339
6,140686447	2,871297372
0,98016326	3,353097884
1,151640875	4,840709942
5,596828113	5,454309996
-0,818709463	-0,09175385
0,256060662	3,901403501
4,92985492	6,602896323
2,126757986	4,526522324
4,361087576	4,050976803
-1,076256	0,608303717
4,318610643	-0,175651683
5,676228069	-0,06908649
6,507122003	6,304520381
4,012857242	-0,204448788
5,559401758	7,394067373
5,006090111	3,394085326
5,432536386	6,098935141
0,613138415	3,619193656
5,869240189	6,843315594
-2,330843299	-0,151174493
-0,823095164	0,756098694
4,964200364	6,184263505
-1,437596716	0,082440304
1,742739868	4,93212137
5,664157031	0,171425513
4,990892271	3,183321114
5,29722129	0,229917597
0,898980457	4,606502696
-0,610325919	0,928501482
5,167476457	3,222108229
4,678284887	-1,518182699
4,85748444	-0,443611668
5,644255001	7,210547361
-0,25800085	1,03890912
1,359270657	4,189911583
-0,173201643	0,033000293
6,017224769	3,334538234
-0,780913371	-0,7618818
6,135412368	6,558096816
0,927943213	4,391033649
4,871693584	-1,244795283
4,802313527	3,295267608
4,966738756	3,48578986
4,771639243	-0,75051925
4,676575064	-1,621034932
4,875983166	2,541611847
5,406024464	3,927386434
4,174555224	2,903430007
4,791823577	-0,766035806
-0,088201477	-1,209119876
-1,118832227	-0,372678395
3,727402241	-0,425887713
-1,11672054	-0,16411308
3,518044731	-0,548051897
5,296266001	6,768644276
4,30125386	3,051257378
4,862564922	5,702813288
5,394091507	7,431789306
5,237438507	-1,077316577
6,224950476	6,416279831
1,34113341	4,421685983
4,631090421	-1,446304292
3,9559217	2,106359784
4,751104222	2,1158597
5,29013884	7,173527121
4,508553862	-1,128416512
-0,466258463	0,436261435
5,693393492	-0,994689048
5,5369563	7,219872299
5,007049105	6,623000424
4,272596194	2,814824805
-1,365963512	0,202640547
4,427771399	-0,325916334
3,698479373	2,684255225
1,12223589	3,942264511
-0,19984341	-0,64075031
5,484795173	5,93857659
1,261671227	3,69563886
2,238885278	4,760129654
3,675711857	-1,562810615
-1,443688484	-0,455265065
1,078713181	4,714467773
4,46228399	2,197384994
5,90589941	5,276912696
-0,922113579	0,382394705
-1,504036326	0,108901227
-0,28768091	-0,138417887
4,503906443	2,657434786
-1,856099998	0,28156569
-1,508646083	-0,174635852
6,093595555	6,860223258
0,711222314	4,730739201
0,830374994	3,615185258
4,384725123	2,585359001
5,601698205	-0,475951614
-0,964683011	0,156627151
3,719318232	-1,193017128
1,02147957	4,646617562
6,818606488	6,072954516
4,723089728	6,076558446
0,532429833	3,986656112
-1,351605737	0,115384674
5,748003791	3,281641411
4,739526778	7,178510473
-0,785857132	0,39884056
1,077265083	4,240710582
4,626136243	5,438245529
4,734793211	-0,204009984
4,630119464	-0,438420939
-0,811601525	0,539137015
5,131110554	2,832563806
-0,119043078	4,266857699
0,785183393	4,310088286
4,944161978	2,666327114
5,628858811	3,373454198
4,807613721	3,189588026
-1,547325649	0,770814367
1,034069071	4,953822532
4,364219066	3,126487691
5,395260494	6,40209319
3,388332679	-1,08355278
-1,366693451	-1,023827077
4,961794548	-1,411698897
0,801220066	4,768781353
4,175675998	-1,401539635
4,741231394	3,71857772
5,256560942	2,431545496
5,364415302	5,642016857
4,03770913	-1,131125311
4,959700864	-1,567588238
5,248174055	3,33005899
1,446292539	4,34884538
1,603331235	3,660820654
1,087915369	3,736872159
-1,651766062	0,57344899
1,642824477	4,417051924
5,029634689	-0,518305535
4,706879659	3,792373827
-0,908481357	0,101286403
-1,975849927	0,16688831
6,37196512	6,679882463
4,659719904	2,647895842
1,826997814	3,813630325
-0,776885632	0,031777156
-0,487323682	0,720615262
1,796582919	4,940084748
-1,66622568	0,658971038
4,58511015	2,731931787
0,476116866	4,481692011
4,292190649	-0,605166771
0,708969415	3,456569036
4,697372759	1,935555454
1,260323325	3,80479087
4,735013155	-1,964796471
-1,597945742	0,236809651
5,73570521	5,549850052
-0,344443871	0,067694413
-0,948588671	-0,184019523
-0,42641533	0,481358839
-0,88352755	-0,18138653
5,002331206	2,786080823
4,049535101	-1,357314308
-1,059581382	-0,463164833
-2,056908089	0,637570319
5,559753575	3,40261842
1,19548941	4,658610875
-1,442557102	-0,088676492
4,96147206	6,003469231
4,382877688	7,386623962
3,876449291	-0,79543148
5,06011437	6,501722002
4,862418411	-0,467738433
1,857004717	4,020619896
3,500462733	-1,039166439
-1,065300748	-0,346140249
5,388175184	3,317324009
0,956797541	4,787380195
4,927628586	2,759287556
-0,707763856	0,426352909
4,808578995	1,801194401
4,91349858	-0,605537694
4,371950972	2,767664923
4,215129334	-0,868672789
4,641275301	6,588175428
6,145369246	6,571067012
3,799006904	-0,830726059
5,422185498	0,245029185
-0,98221069	0,000668131
4,482815232	-0,505856792
1,825330645	3,688807021
-1,684318677	0,29737346
5,951047523	6,283024511
4,396989703	6,636601436
1,213230633	5,084998883
-0,469217906	-0,498965534
1,183608745	4,853046729
3,925829568	-0,565555738
4,539340545	6,395847232
4,681776394	6,785915133
5,595319544	7,107296052
5,548379086	2,034171023
4,856343508	3,496383009
4,773941465	-0,544623436
-1,447303332	0,094128479
0,571476314	4,308745018
-1,174350944	0,167541327
4,096257416	2,650582102
4,469572463	-0,5065692
3,814600276	-1,530651406
5,289534561	-0,726752659
-1,252898235	-0,716120581
0,169988423	0,01423627
1,438755211	5,145703015
5,425032815	6,713015326
1,008761451	3,730946151
5,345875642	6,537069348
6,042511903	6,104836799
-1,628390194	-0,287863698
3,742154738	2,740124279
1,258009745	3,844886254
1,507444312	4,429305055
4,242778294	0,037515374
5,008744443	2,80547733
5,128501251	7,680846203
-0,450168887	-0,325153469
4,137698056	-0,416736148
5,372121892	-0,177090009
-0,122295531	1,099815237
5,890213762	7,042434121
1,454783882	4,746642172
6,226351035	7,605137712
5,276417536	6,615423835
3,534846702	-1,354697323
5,133731903	3,130551833
-0,911708125	0,688633845
4,793692623	-1,897798374
4,945131429	-0,480478301
4,664573366	3,020006454
-0,285367383	0,491080204
0,843747264	4,666477031
5,299265424	6,237352022
5,000895783	6,447215134
5,471331177	3,300286371
1,461030868	3,407809202
5,158753398	3,686666793
-0,704555146	-0,447191654
5,449466194	2,99483802
4,180016832	1,992263254
0,956208097	3,733640422
1,35405275	4,590102952
4,689682949	3,043653464
5,551327725	2,998774774
5,467117099	6,537684643
3,693568976	-0,490868811
1,414877657	4,193276237
0,7804365	3,857955609
5,017630787	-0,646966718
4,31584466	3,561368983
5,220929755	-0,923565371
0,005913196	4,717888642
5,119112625	-1,105265834
5,05186988	-0,550777005
0,966400927	4,082823689
4,034148675	-0,82874945
4,037342059	3,574018484
5,571875387	-0,545585517
-0,935741386	0,360852609
-0,408793593	0,117848349
0,381782979	3,759967451
5,417931675	7,064821392
5,960160914	6,424672199
5,235920969	-0,131291209
5,470100259	2,973419356
5,734351183	2,618104507
4,679282028	-1,462043721
1,037787263	3,669536051
0,898674981	3,416765208
-0,287064737	0,646665441
1,601728763	4,406612742
1,850040497	5,174478192
0,909381687	4,53537183
5,660735917	2,445292444
5,329390226	6,518241254
5,456291576	0,388365616
0,102734206	4,41582003
1,10965166	5,137484114
4,179109709	-1,579958272
4,636491766	3,621912493
-0,272239984	0,54565964
4,159864369	-0,520528156
4,684766008	1,893291463
1,888982405	4,174184182
3,948407499	-0,869575328
3,963926485	0,275675358
1,049009524	5,144818805
-1,189503128	0,570707152
0,492434787	4,053482071
-1,351955302	-0,405074492
-1,14804506	-0,37492564
-0,564047682	0,667323924
6,220613343	6,220513462
1,643283287	4,634381632
5,089891663	7,725114588
4,700066042	6,829188927
-0,299146589	-0,492928425
5,19298632	2,819910312
-1,712328203	-0,521435309
3,533655819	-2,092744075
1,364699032	4,247427995
5,980730786	6,167880857
5,025653955	6,757069528
4,606765398	7,161096599
1,993426949	5,143601511
1,826753257	4,117114105
5,226391808	-0,668656002
0,975442096	3,776577727
1,128114938	4,562986095
5,268874916	5,675836819
4,260038717	-0,805644979
4,18880804	-0,888403431
5,023283795	3,601817506
5,400490235	3,888630127
5,403531384	2,391918486
4,45860929	-0,943572121
4,349521237	3,108194101
4,297190102	-0,54880223
-0,741390442	-0,264413262
-1,401566799	0,346136339
6,235410419	6,844127665
4,849270404	2,676092203
0,180151668	4,613654548
-1,597611243	0,54763217
5,889851424	3,71030362
5,167920649	2,989306713
5,004387141	-0,637177837
4,851831142	2,803314758
6,284977533	6,308145144
5,692865155	2,957042098
4,912462994	-1,100842346
3,279303877	-0,391133254
4,549800079	5,416937624
5,126350433	3,09828584
-1,666763823	0,549816081
5,203304794	7,269365224
4,847492528	2,878776108
0,981517776	3,948895823
1,114422734	4,218185023
4,861084408	5,949909394
0,368607672	3,864098427
4,590372445	-1,056033936
0,808873276	4,407812542
4,516399837	2,657848067
-1,744289678	0,181892387
2,202419808	4,609168519
-0,942727657	0,525463944
4,389659664	-0,863352316
4,455734081	-0,381782249
5,173202809	6,211208418
4,098525524	0,200691269
5,618531994	5,871819516
-1,317690091	-0,153296082
2,111597056	4,594311499
4,919251707	6,771469584
5,193297967	3,105776161
4,09947216	-1,472200789
1,101622561	4,256650514
4,201410969	-2,111566473
5,299417957	0,465630759
1,582304285	4,21386894
-0,153709566	-0,321331348
1,274007773	5,231103586
0,013713298	4,667966195
1,474967611	4,200640051
5,56294093	5,584559893
5,235624623	7,302301976
3,794739596	-0,051608485
-0,134163721	-0,448532974
1,270544459	3,822634223
4,91620069	2,871890739
-1,985492428	0,731283963
-1,34124845	-0,368633653
4,364881363	0,08942411
5,845405838	-0,903337396
5,712955852	6,259757678
6,226393763	2,438898031
5,600436158	2,419109382
0,224084274	4,464724207
4,701583253	0,012276589
6,100876792	5,514772161
-1,282245651	-0,447684279
0,297384399	4,897799886
4,041444023	-0,920269378
4,58388558	2,766508568
6,044296543	3,517029331
4,299974417	3,058292189
-1,668878087	0,520505951
1,702589862	4,027077058
0,302818854	4,194631575
5,116904069	-1,588466156
5,313125984	3,552297964
0,7064465	5,111741319
1,702027264	3,646904822
5,354214315	3,822253309
4,631013663	4,120968055
4,795431773	5,581601041
4,405648785	6,432420439
4,301044046	-0,892103703
4,331443591	0,204184053
0,633939024	4,454515056
0,89559939	5,258443851
-0,025530475	4,541221986
5,24802959	3,077944425
-0,390038899	-1,248193485
6,394355114	6,069046952
1,094432371	5,058621509
1,866818987	4,550620131
4,140210697	-0,486374575
5,123483102	7,258509006
0,546706526	5,285984436
3,556508129	0,046270337
4,558778548	-0,623941693
-1,2943553	-0,307464343
-0,804436667	0,430877275
5,203741022	6,624420973
0,852891356	4,390210115
6,304169836	6,409601292
4,741309622	-0,948498314
5,209597512	2,741156712
4,317433915	2,675556307
-1,49633596	-0,021412402
1,64533853	3,505883933
4,639058412	5,910661613
1,390085802	5,294691769
1,970300276	4,415991634
-1,584896903	-0,707325484
4,382002477	2,852140785
3,63313347	-0,071551966
3,749786456	3,931724367
4,60891687	-0,952752162
4,539933824	-0,648221429
0,331833978	3,897648504
0,290958	4,062043144
5,67050593	6,208685499
4,286668058	-0,757550669
1,580090157	4,230189352
-0,872281995	0,12004427
-1,039339944	-0,293772697
4,235600399	-1,229795701
5,37955614	2,761696811
1,005333702	4,579265516
4,430105765	-1,164685902
5,677893998	6,607530366
6,044999124	6,624110752
4,902096461	2,557001976
0,777844164	3,784267464
-0,774849914	-0,57170618
5,500112038	6,981987762
5,28535386	2,552056083
4,352214033	3,079407093
-2,120145634	-0,492354892
-0,873012207	-0,112901194
6,427722119	6,283760539
4,52611301	2,536947548
5,942105558	6,482693809
-0,434439128	-0,656033682
5,291811491	-0,182695522
-1,587292109	0,728346338
1,202561938	4,698277264
6,123178022	2,99168545
4,944833891	-2,104209363
5,786256783	5,754944018
-1,077797443	0,290552411
5,670064421	-1,667392162
6,555802086	5,650164551
5,948865354	2,960879954
5,479899202	5,463833458
0,45532355	4,936258099
-0,976351526	-0,06327857
5,187432878	0,160918248
5,175990347	5,715955558
5,177890235	2,65949297
-0,861906113	0,730699668
0,34999394	4,888858864
1,042306665	4,637399013
1,29606558	3,940301529
5,923646868	6,248138534
1,387269353	3,704206372
3,617602792	-0,645718916
0,67597131	4,277427194
1,458650847	4,624344496
5,123980204	6,437032699
0,384676365	3,315169599
1,572735447	4,807471145
5,465905398	-1,695408177
4,418659995	-0,569248888
0,118044827	-0,779824074
4,904093572	2,240710848
5,500164108	7,48633018
5,64905952	7,202809915
4,446202001	7,213912267
1,53991982	4,011387212
1,763089011	4,179066048
4,419747666	-1,219060416
5,183267691	3,99289955
5,378516223	4,156197991
-1,66259079	0,114591107
5,089619888	6,734194167
5,510459883	2,474424871
0,921596989	4,487675115
5,693425955	-1,378583321
1,740893045	3,721518179
0,248706956	4,352852985
4,988598943	-0,404558151
-0,918289598	0,55366393
2,027335756	3,582793253
1,160712462	5,272322231
0,28131001	4,13480966
-0,725753335	0,538423187
4,16200583	2,326448846
4,906611429	-0,837791828
-0,709765717	-0,040995727
5,319875539	7,551677359
5,1402052	-1,151160005
4,480859872	-0,078584205
3,830933223	2,760018349
4,702200851	-2,090343416
5,314586499	6,013010113
5,324630091	3,660888323
4,465942306	4,063770641
-0,335502149	-0,702244563
1,940730989	4,280678528
4,68887271	2,830493621
5,952244166	3,872806049
0,765486648	4,813816973
5,167571105	3,552842886
-2,135369324	-0,029642807
1,580206893	4,207844416
-1,23318927	0,702194269
2,077142922	4,916700695
4,557696686	3,776353787
-1,13862893	0,716658129
5,149347952	6,647853779
5,17033143	7,271476925
-1,711386556	-0,147544258
-1,522643689	-0,170304074
4,544530883	3,720880912
4,413945998	3,238044426
-0,859266063	0,604848568
4,18338927	2,868886565
5,576118983	7,153112103
-1,789587371	-0,323424411
0,489851632	4,205725398
4,338769744	2,632837388
0,854389005	3,600828969
3,800859648	2,445253987
5,067819042	2,210872932
0,558919621	4,619497011
-1,179768664	0,029824184
1,540609728	4,283388456
5,82485454	2,653463866
5,012087122	-0,882832916
0,908139977	4,078519991
0,222346764	3,598467919
5,950171174	7,311077018
4,583436024	-1,654401673
5,418090969	-0,824059625
6,044751346	6,863874803
1,275741241	5,014451368
5,865552525	7,049937777
4,971147976	2,94708396
-0,349544064	-0,262608429
5,563474059	6,619449763
4,209497678	-0,726617805
4,813131033	-1,429660494
1,323206375	4,351073078
3,858967579	-0,866312916
-1,655208694	0,133538995
-1,556367212	-0,854756036
6,134713856	5,711739682
5,399430586	-1,149486244
4,979616009	3,260275316
4,725983857	7,272661418
4,721439103	6,745058289
-0,780994883	-0,409396956
-0,996024248	0,538194887
0,501698613	4,072510956
1,184054718	4,963195064
4,975061719	3,83174409
0,704572927	4,346189075
0,482316842	3,856188192
-1,207358793	-0,897262574
5,442549787	3,143188132
4,843843756	-0,767493638
1,00963255	4,416186266
4,971349423	-1,076792913
4,182584471	3,095537546
2,017790683	3,785510672
5,571047216	6,664464891
1,427300643	4,459638306
5,156922668	3,585976852
0,157404045	4,288789463
4,771465083	7,065405978
-0,643011886	0,084145906
5,908546268	2,888194432
5,49301298	7,004469086
5,467904811	6,28763721
0,788112957	4,997981902
-1,039147621	0,456486191
4,697114369	3,213498336
5,065039097	-0,841066073
1,030946778	5,064863389
4,602318152	3,248475847
-1,61750651	0,905515599
0,452036483	3,85070706
4,620559375	-0,63194458
-0,181205796	-0,278654302
-0,634359991	0,590263923
0,56787497	4,264342937
5,510931617	2,971128553
5,243967338	-0,710994482
1,137831693	4,269139475
-0,546719919	-0,069341358
3,893975523	-0,581372995
5,593446935	6,382865206
5,804911772	6,661862121
0,644695023	4,883655392
4,997894396	-1,868358207
-1,20916876	0,079999106
-1,121157295	0,17544737
4,520887172	-1,605345306
4,453640141	-0,795957192
5,168092296	0,327844144
5,522136586	2,627108932
-1,24431575	-1,161080424
4,308800301	3,220777696
5,152497212	2,574624265
1,869490414	4,635525824
4,74062857	-0,318781962
-0,330658978	0,565527362
5,027010732	2,224328719
2,160711027	3,658896464
4,405415816	6,283450403
4,95575329	-0,583353183
5,46733759	-0,676489535
5,72621025	1,958389925
5,105535382	2,547313907
4,387786668	3,704756592
-1,715487602	-0,193353622
0,362096337	4,761683435
-0,612142911	0,136782732
-1,239486206	-0,838395006
5,328549214	3,131020568
0,787386695	4,113169669
4,920457302	2,763182403
5,275608638	5,935721424
2,404662545	5,286072968
4,947185429	3,702370859
5,443549514	6,896131173
-2,294234775	0,142997293
5,718719949	-0,629506251
4,010187504	-1,725678779
4,666059297	6,625380276
5,541321307	-1,030012558
-0,759738906	0,22343179
-1,787598422	-0,216248737
4,662892117	2,726399429
4,83048273	-0,208405443
4,834147472	3,948152834
4,419971543	4,297632646
4,580277596	3,234505004
4,08726844	-0,636856287
-1,213656148	-0,3844628
-0,31177267	-0,208488739
-1,756125027	-0,456034891
4,486001574	3,700981174
4,863868532	3,950054448
1,016824149	5,02109276
5,239994895	-1,055167752
5,633045089	-0,915977618
5,006953125	6,660567985
5,475822265	2,879806312
5,566864659	6,509345135
-0,564486485	-0,168397824
5,121986699	3,437287287
5,639392794	2,301589833
4,410719691	-0,802127902
0,469395287	4,361975099
1,101034716	3,818161422
4,626580683	3,070065375
1,179502159	5,168396123
-1,280897419	0,362685212
-0,178316584	0,430724721
0,129180069	4,120640926
5,378729657	-1,172665969
1,266248072	3,560595711
4,724199711	6,838970504
5,236108888	3,9478002
-0,108336373	0,278843749
1,264211427	4,443692618
4,930612214	2,557066623
-2,241144761	0,337055267
1,331440855	4,48606277
4,117372069	2,553316107
4,473825929	3,40433717
4,673284546	-1,152429463
5,555220441	6,845860067
4,457429798	-0,703584519
5,011457999	-1,268246443
5,296186704	6,88297754
1,170286264	4,584579416
4,225263706	6,6950546
-1,134486491	0,610567913
6,812146452	6,205129149
5,257576721	-1,026890139
5,475249938	0,191914161
4,864223042	3,264258244
5,819447359	2,548010559
1,179716227	5,10890737
4,327590255	2,996242972
6,208118953	6,436636273
0,904958785	4,251338077
4,061938856	2,991785249
4,533846321	0,206255817
4,227321752	-1,220701334
4,537236204	-1,584149333
0,006046932	-0,321732103
4,285550272	-1,577262886
-0,290357743	-0,458466101
5,022730412	-0,833306952
-0,959139863	-0,582724878
5,123295157	3,911623576
-1,494649146	0,06558271
5,053936181	6,862434264
-0,904688824	0,591226782
1,080738218	3,604798501
-1,120287144	-0,658264967
-0,941336677	0,52345962
5,002311875	5,528863811
0,663195577	4,576343657
4,788948629	-1,136307625
4,617932865	-0,987471877
5,468800247	2,287330616
4,600456519	2,304814245
1,611078361	4,108196523
-0,449426054	-0,049183812
1,974039891	4,261204414
-1,645217015	0,77988721
4,880582691	6,409596602
5,527993556	6,695148013
-0,771194027	-0,502994414
3,964208046	3,332896968
4,556796376	-1,296514149
2,171831518	4,768331718
3,700452128	-0,905441148
5,195557462	3,077315044
5,681724044	3,278339843
2,059389509	4,751167109
1,43236608	4,65993028
4,707024989	3,686254055
4,561790781	3,089141417
0,051234355	0,245304959
5,915334259	2,073835762
4,346872956	2,307448758
5,025341775	6,455388146
-0,908463312	-0,578153795
3,804374285	-1,524493556
4,589771533	6,779173724
4,919097792	4,101983022
5,464141495	6,252041489
0,121556353	4,477983445
0,268201678	4,611516931
1,523953498	4,825581298
-1,815130706	-0,340616067
6,382519774	6,567378415
5,984900503	3,571962181
4,853807981	3,041782662
4,421453547	2,603039877
5,778563661	-0,982040673
1,501040271	5,124178559
-1,003482875	-0,890939489
4,897055284	3,753916266
1,004250942	3,928265343
5,084620221	6,11393273
4,331403079	2,146563083
5,578827273	3,970386268
4,331888211	-0,244310889
4,951945503	2,319988312
5,957421826	5,962006312
1,164363496	4,425836354
-1,265392833	0,009793902
0,814409075	4,361212199
5,892818074	2,837027294
4,634823993	6,589558341
0,777223774	4,410361918
1,309127481	4,183280558
3,67879827	-0,608540212
4,780987969	-1,360511023
1,961971949	5,267919935
6,072540898	5,612866796
0,941946528	3,410385193
1,434926257	4,143796446
4,479044912	2,863298645
-0,486932025	0,27261347
1,767792861	4,555266783
1,019893814	4,063472821
3,447762387	0,311107408
4,344014074	6,638938507
-0,465509853	-0,104454718
4,51631071	-1,104767894
4,61730272	-0,622643611
4,878237445	6,074631398
1,796113505	4,333754002
5,047351395	6,933274493
-1,114313877	-0,830153634
5,775535825	6,772478003
1,091933925	4,820948651
1,624064164	4,234898111
5,454601475	-0,499824827
-0,635797301	-0,050604618
1,324493757	3,915584387
4,483224866	3,422757023
1,119674725	4,247287688
4,158591832	6,633741901
5,81969224	3,04952419
-0,194655228	-0,359723116
0,546033408	4,349557201
-1,829528819	0,318722814
-2,03116969	0,225204005
0,838061474	4,440238361
-0,561519862	-1,050911916
5,68087782	3,104339404
1,929556163	4,622128833
3,988416585	-0,032503612
-1,611568414	-0,488744315
1,540161367	4,43649929
4,648637594	-1,246831933
0,510060584	4,218626229
5,238751939	6,495841616
4,532253845	7,065987666
4,526531929	2,634400101
-1,026680134	-0,309894986
3,76116395	0,014440154
4,775529877	2,350508992
4,26760633	-0,735490857
-0,730502849	0,120500721
4,965306675	-0,786549733
5,916440068	7,327375591
4,673016373	0,315493487
4,195182818	-1,887150487
5,809512284	6,931032459
-0,623254899	0,053102461
4,119045961	-0,366179487
1,672273652	4,344260916
0,559516515	4,138025509
1,931520612	4,55309911
4,721843593	-1,466116722
3,608661418	-0,36598081
5,386652128	5,318720921
6,030179133	6,564885831
4,206792516	2,352985158
5,160452142	-0,876919352
1,151051689	4,070386153
4,317687072	-0,500341451
5,116146673	-0,816157582
5,589996592	6,028441844
4,219030096	2,261689331
5,801235234	6,582594105
-1,243665496	-0,450714818
5,887341954	3,396798797
5,495098427	6,014958222
5,771638166	5,93118846
5,427290156	7,40091559
4,520646951	3,050731179
6,1362684	6,033980242
4,414871611	-1,455052776
0,894642291	4,154633639
0,888469683	4,333256193
0,365571255	4,347442446
0,986805427	4,163192348
4,154738273	7,200919503
0,86016348	4,148718043
0,52288241	4,744789946
5,608060429	2,193970331
5,601340986	2,113723615
1,248752857	4,127130024
1,853755378	3,997895495
4,80389968	2,332176132
4,278588895	5,938733219
4,369372775	6,207561584
4,612467499	6,243175534
5,279855905	3,315436257
5,260609175	6,104041301
4,192106875	-1,378314963
1,320201557	4,548575644
1,798994239	4,681626164
1,231852314	4,898103792
5,541663529	6,649258468
1,842374796	5,190544788
0,240868719	4,218876854
5,564264309	2,992368963
4,42134106	-0,421410495
1,514838752	5,07717043
1,380225527	3,902024876
4,251387168	3,262169343
5,410604263	6,411953058
-0,201748088	-0,652813283
-0,649088787	0,436242829
-1,652735724	-0,189168581
-0,793246521	-0,257719414
-1,672858605	-0,666978797
5,681482745	-0,783686301
1,125737039	3,807909902
4,415289234	3,178466354
4,812256164	-2,024309787
4,91219163	-0,632815444
4,529192726	3,333707041
-0,695797323	0,446720094
-1,22412683	0,640788785
5,717215508	0,16454732
4,265846569	0,018833092
4,349950329	2,919562854
4,688415779	2,268848148
1,434451373	4,679388961
5,066544266	-0,726081392
4,999573051	6,631119697
0,785006008	5,190089336
0,739964687	4,37147276
4,388053983	-1,125289032
-1,173446951	-0,442219162
4,614534928	3,445525169
-0,536424078	0,895835064
5,460930415	6,323381907
4,385005444	2,949633038
4,738707492	6,413112614
4,953057379	2,609803537
0,642513286	3,532900943
4,725502893	-1,611654756
-1,30465544	0,336242818
3,71348142	3,318956305
-1,34061661	-0,981441404
0,847614305	3,981198219
-1,734881231	-0,154420819
2,223117361	5,289855396
-0,289680757	-0,168925584
0,749143308	4,514815497
5,164245707	2,926178718
3,79300664	-1,538802706
5,986079574	2,630012083
1,411520345	4,506112268
5,04169028	-0,103805293
-1,014442704	0,628632681
4,956021479	1,917769304
0,553107879	4,605840311
5,134941978	-0,893122437
-1,250943844	0,694740843
-0,469224627	-0,546030228
4,369699718	3,773919848
1,188249868	4,662640026
4,721666167	3,162542783
-1,115792025	-0,862690861
4,896200621	3,464882965
4,911893174	0,013205253
-1,212613047	1,077230986
4,254487023	3,460028861
4,281522267	-1,654354579
3,764201476	-0,303311309
-1,994312008	-0,697099931
-1,744500564	0,783636414
5,387965356	6,774143246
4,428619839	0,466770145
4,666375347	7,452546335
1,443872833	4,64790096
-0,419684004	-0,136646206
-1,150280817	0,435025916
-1,426446345	0,376922667
5,337364634	2,782464525
4,833314751	3,478902814
4,154652203	-1,111284877
4,128456974	2,256395413
4,926328829	2,017369389
4,692400157	7,137752102
4,044088942	-1,135141232
-0,628903593	0,628617167
0,650701499	5,169752705
1,684146497	4,068298525
-1,489430339	0,91255667
5,115768698	3,486522514
4,718765612	-0,964138801
5,084774079	-0,676941141
4,875738181	3,37735792
-2,067323771	0,426995303
4,635489099	6,323538861
4,850214256	-1,002460969
4,808204026	-0,985518674
5,367843101	6,060347981
4,306748697	6,286135427
5,01341806	6,456609493
0,608329835	4,412268971
5,488561063	6,819277353
4,710268661	6,630413641
-1,069933443	-0,155677504
4,166499206	-0,534150549
5,618381707	3,317241745
6,072615476	6,487561709
4,073990505	1,997566524
-1,244992878	-0,256459926
4,047401958	2,287687788
5,348158215	2,471788577
4,32226742	0,270803259
5,09308435	2,723131293
0,010598616	-0,026640353
4,372186758	-0,777354149
3,947702332	-0,914315788
-0,984293773	0,092371648
4,803154476	3,124639878
5,558988059	3,600263959
5,424631494	2,958853038
-0,921700816	0,046898342
3,85990599	3,257030331
4,670469585	-0,380221876
1,864179738	4,461880989
-0,603654257	-0,209023224
4,521128413	-0,766041009
0,093302757	-0,700642057
4,985526079	6,582007728
4,445677943	5,877895996
4,874686116	2,802817611
4,676392609	-1,296626832
5,553758747	6,489380499
-0,043246026	0,342719832
5,676282774	2,312596622
1,928113067	4,07686506
4,658767013	-1,156670981
1,488014013	4,218824096
-1,845588083	-0,059330208
5,903847801	7,049841571
4,747102568	3,906003776
1,677073815	3,464888851
1,338642422	4,22507537
1,643952134	5,323205301
0,1489564	-0,087563636
4,682002316	-1,030649935
5,691621402	6,943174128
5,973690444	6,575466012
5,501705897	2,950477492
3,685602575	1,962252328
4,966443008	3,268370988
6,187829442	7,057575133
-0,880925365	-0,942873962
1,669477222	4,385751653
4,321963656	-0,717821976
1,223064097	3,56166096
4,387192564	-1,51159495
5,269138145	2,776336076
5,275047405	5,845534751
4,64086313	6,426243274
4,948763582	-1,132249693
5,926991032	5,655709566
4,989568248	-1,139174657
0,969501265	4,133543737
4,774893712	2,328910718
-1,121219469	-0,023167152
4,516981958	-0,33532087
5,8362274	5,861259623
5,120473858	3,673945314
5,738546578	-0,750506017
1,434801259	4,179584655
5,013145339	5,64287949
-0,522701556	-0,65444802
4,438062118	1,92050448
1,103941917	4,391664716
4,803178005	3,638707338
1,519642908	4,453531896
5,394362518	3,296961447
3,790119493	4,179138005
-1,353931259	0,206684795
4,445753645	-0,897696928
-1,382403506	0,159956476
1,873905664	4,279341711
4,561047327	-0,534145853
-1,49484223	-0,187337974
0,139905897	0,321020225
0,151125436	-0,222165117
-1,342291859	-0,718076063
3,731404732	0,13682894
5,447660524	7,558755976
0,847605273	4,547713361
5,238322753	3,912723735
0,337103044	4,792974062
-0,69120102	-0,084813693
-2,008235542	0,621806618
4,26423195	2,588517011
-1,592709024	0,188939076
0,166227061	0,109636747
4,558027781	2,110273371
-0,068867213	4,786769741
0,857522254	4,775860501
4,894983915	2,775510511
3,643685508	-0,348908407
3,69888441	-0,47783853
-0,951656241	-0,338636588
5,472674081	-0,457124044
1,98699892	4,972583766
-0,858482685	-0,702864091
0,443772937	3,648961173
4,338832239	3,183082299
5,836043241	6,716899016
5,672264428	6,500718206
5,053918691	4,061553927
5,096551295	-1,729891622
6,360390593	6,081753956
0,534852117	4,479817242
5,216423875	3,04260234
0,810700207	3,938070908
0,735670191	3,999478773
1,593948067	4,823985857
4,808945335	6,313181445
5,849601515	6,70870836
4,505346184	-0,86502646
5,007464655	2,873603003
4,721656979	2,29986041
0,379497342	4,140693625
-1,026435326	0,254039415
0,861634532	4,453357296
5,589017517	6,632478086
-1,509171284	-0,248994958
5,42205732	2,173043093
4,877838198	3,150512596
5,014529021	3,384672577
1,560173961	4,499854622
-0,521677965	0,218043879
4,379454473	6,743275879
4,199998284	-0,464476912
3,691062231	2,686080857
1,180468398	3,43739644
5,168155891	5,534784737
0,757305783	4,347935963
0,863589126	3,503108682
6,061205842	6,488015111
-1,279325768	0,063953296
0,788246359	3,964423305
5,800444576	2,985777736
0,998979097	3,875255329
5,679177503	1,96113336
-0,213323864	3,833747887
4,75235886	-0,376565478
5,892082347	2,113626919
1,955268768	3,986141619
5,377167036	6,834886666
0,826264975	3,49400537
4,949521222	5,896343005
-1,121522269	0,689710968
0,591197777	4,558305907
-1,730022452	0,962860636
3,568292582	3,064067423
4,51505962	2,454324077
0,561242172	5,099236689
6,4585165	6,083423794
-1,087518701	-0,959614639
0,491353967	5,373507377
0,33951644	4,275774408
5,242930268	6,943423947
-1,165974662	0,004246931
4,0719639	3,494460518
1,118547536	4,26646559
4,774084334	6,244684791
4,878024988	-0,261242895
3,697404854	-0,72520945
1,62094434	4,130180905
-1,198634331	-0,55644521
4,881348324	-1,076427727
4,104569849	-1,019866507
1,46271693	4,622245423
4,845906761	2,799270733
0,845618471	4,343529978
4,915628656	2,394475782
4,807129046	-1,329375528
0,969286556	4,603053245
-1,295194744	-0,388001634
4,877469953	7,236168006
-1,971932714	0,379173979
4,448050901	7,043044079
4,887453557	-0,509433253
-1,163054639	-0,630208304
0,988298128	4,193130883
0,096075776	3,865933153
4,736919097	-2,115195446
5,282194189	3,168422688
3,864735168	-0,90363814
-1,025904794	-0,459138171
1,573397911	4,933360935
-1,81483144	0,732465058
-1,258257811	-0,435506933
5,411719575	2,50050292
4,963036501	6,579801602
6,033986127	6,376347473
5,661128728	6,242583501
-0,983518785	0,162947015
4,738191395	3,065192758
0,733405673	4,848302848
5,365843248	-0,386704002
-0,169403204	4,720468401
5,146470643	6,269227779
-0,455407831	-1,17027375
-1,392679267	-0,096277747
5,605542567	6,405245056
5,656833648	6,443445596
5,12632343	6,618411533
4,998830081	0,005802987
1,627966646	3,927401878
5,29479821	2,731814894
1,440407543	4,372645924
5,058850314	4,09090173
4,731130435	3,700045258
-0,671604842	-0,166021148
-0,816177972	0,919964938
4,978882442	2,985110177
0,255789102	4,250706154
4,509952787	7,324895862
5,265336833	3,467844121
6,588215942	6,674400696
4,372131516	1,934098204
-0,575596849	-0,586714721
1,157371437	3,866390369
4,709173291	3,132582752
4,830670937	2,273016422
0,615007972	4,977414876
5,156348085	6,429991338
6,251044936	5,807490232
1,113290457	3,993247273
6,706884871	6,795854056
5,048082129	2,986473894
-0,005976414	4,6191704
4,302958056	-0,605485476
5,771508088	4,153704234
5,664867175	2,844456183
1,896010905	3,878639245
0,0852128	-0,125115074
-0,790341986	-0,424599437
4,515410958	-0,594317976
6,003392131	6,469435128
1,610162412	4,297091078
5,093778712	3,63839688
-0,97942678	-0,027438878
-1,037606104	0,603166215
-0,979884946	-0,41324277
5,756300997	2,398162047
-0,144017236	0,593920829
-1,422473188	0,442689792
-0,048103246	4,479279861
4,456346346	0,044065149
5,41833123	2,34085497
4,815215999	-0,485838452
5,666472395	5,478800234
6,12426256	6,093792876
4,611153619	-1,980287007
5,930112181	7,153461462
4,559961689	3,430672134
4,420712822	-0,518248542
-0,724742759	0,299911796
1,084278129	4,842074725
4,827746385	3,305634527
5,929802636	6,314146865
4,192210007	-0,527979992
2,353570978	4,759799255
1,954446014	3,836770961
-0,567430615	0,391990878
5,417370798	2,835458332
5,062269118	3,0679779
5,38479031	6,054997453
5,584887159	-0,670385722
1,484807524	4,708350705
4,600299717	6,100092967
-0,740628292	-0,644895266
5,062069287	-1,560137605
5,395341868	3,513001686
1,081172608	4,540351535
4,851712998	6,168966659
4,871875416	3,058761524
5,069583553	6,274477134
5,273381667	7,035510764
6,707305966	6,046803504
4,329593442	3,646935094
4,499889786	-0,273240318
4,750855311	-0,97114665
5,605339424	2,519781762
3,495456606	-0,183151933
4,657928121	6,717086735
-0,688086903	-0,496267683
5,915006702	2,033872756
-2,134992149	-0,392295869
5,426325515	3,108622698
5,4624032	2,643454502
-1,626691887	-0,255753894
1,261494327	4,431718409
5,550272552	3,451949527
5,073716659	2,95311012
6,285893502	5,60422292
0,600326246	3,383787466
4,682736565	6,169982006
1,672831314	4,806913696
3,640417401	-1,086183336
0,67065642	4,962498542
5,51515647	3,194941158
1,61658609	3,916288114
3,76266422	3,60066193
-0,93455641	0,114092149
-1,220309291	0,338819121
4,712604667	0,277064983
-1,361633858	-0,049119081
4,688193051	2,54605703
0,907448357	4,208758636
5,009349733	3,416542876
4,56355818	7,338748637
4,989361346	6,550395327
5,801642062	3,391663408
5,093550923	-0,60699036
5,508156913	5,862506913
6,070541782	-1,698228788
5,604075584	2,033113526
4,641936614	-0,105181816
-1,38106255	0,925590048
5,746885262	2,817231463
5,335112835	5,550402271
4,389424138	6,912324659
4,704551199	3,694138184
4,566059343	2,81959362
0,265069037	4,330669669
5,25194601	6,336755634
2,231181159	4,703630649
0,423239571	4,426406627
4,507672038	-1,12831078
1,26943303	5,097449337
6,253635331	6,441334328
-1,3129718	0,606143739
0,727608062	5,293194588
4,112067474	-1,630227525
0,348578749	3,697765557
5,580601916	-0,256605899
4,851284167	2,591462155
-0,601138004	0,913026894
3,867076906	2,728930336
3,551861041	0,043350364
4,951965644	3,117326272
5,809346508	3,494927887
1,100505176	4,223566086
-1,657645115	-0,13814628
-0,916518698	-0,534223026
4,87269144	2,833520204
-0,587588937	-0,092722066
1,105825374	5,115830838
5,829886004	3,101430882
4,826018575	2,71429307
4,605328554	4,125383428
-0,338831705	0,694063675
1,978745583	4,605861225
5,046717978	6,792527275
-1,159105043	-0,197870758
5,136645087	7,019856202
3,839673013	-0,26378399
5,648143058	2,475856094
4,963393088	6,270279075
5,360000543	3,57223535
4,68669431	6,244539381
3,862465818	-0,72364843
0,392406061	4,533267301
1,383221624	4,10853851
-1,989779059	-0,127505718
5,77740985	-2,107326094
6,727067307	5,47207297
4,4700765	-0,87810741
5,620145904	-0,556448727
3,707026478	-0,809654077
0,775265835	3,840630925
4,860701585	5,646937587
4,672141997	2,002351315
5,725850461	6,155752593
4,724805059	-0,493499494
3,910108318	-0,300878479
-1,367058321	-0,503552336
-2,101515661	-0,55915715
4,318089941	-0,661096017
6,279094732	7,059212442
4,453190972	2,774040089
4,804710511	4,258243023
5,456349452	6,438357312
1,177885834	4,166629302
0,879681485	3,525273335
-0,04741276	0,300379383
-1,098537871	0,142258248
4,199513586	-0,785055963
-1,265133991	-0,227927986
2,074871449	4,212318804
0,750740593	4,94664032
-1,433350089	-0,160780799
5,092275313	5,549473074
4,47267331	-0,424742212
3,839457928	-0,830862431
-0,476484476	0,875219983
-0,791387875	-0,174889845
-0,450467582	0,451680532
5,334538573	-0,560262073
4,432682938	2,54149915
3,648576058	3,703712164
-0,576652565	0,594499785
-0,028883479	4,835952184
5,466726907	6,725772851
4,661772695	-1,407203662
0,835638558	4,571304931
-1,785903729	0,230678138
4,577889918	2,903843165
-1,453094215	0,260904263
-0,742953767	0,227131453
-0,888055771	0,519679607
4,988423522	7,003823689
6,346094364	7,35088219
1,972710841	4,730353702
3,890995909	-1,60658154
5,290485408	3,330327627
4,150663734	-0,835579789
-1,795911056	0,197487053
-1,206615233	0,387280232
3,70675994	-1,407366101
0,228346247	4,11279747
5,253927912	2,85565398
1,638542718	3,429446758
-0,361881521	-0,025522646
5,31835537	3,446447915
5,432234017	6,881722597
5,763377966	6,744755352
6,018230128	5,993587897
-0,772091013	-0,947909431
0,307966152	4,358594377
1,378261741	4,193802541
-0,415938073	-0,641452735
3,932488397	0,225442805
0,637314163	3,982127677
-1,558067478	-0,082316137
-0,925927377	0,583653977
6,194692364	5,568389577
4,588777305	-0,731056911
6,169325084	6,395033528
-1,87881306	0,296570724
-0,768106441	-0,702505185
4,66523489	7,284459471
5,168735424	6,450858942
4,236291977	6,391268785
5,283473597	5,375722828
5,336128458	-0,939487068
4,80519672	-1,518236914
-0,699243869	0,674543744
5,447781883	6,659049741
0,612718778	3,984017763
-1,283577788	0,62279885
5,618605952	6,461265405
4,947641135	-1,296348816
4,567428303	-1,274150994
-0,647567632	0,220639988
-1,342553052	-0,63042768
1,383527418	3,844888605
4,596696156	6,108128273
5,29399354	6,451718703
4,946601311	2,82219737
6,170461954	6,554272543
4,495564516	0,259167441
1,420346306	5,243189044
5,548619904	3,547818787
0,922500022	4,659321832
5,600136647	-0,549098853
1,082264358	4,806195711
4,434359439	-0,102999779
6,060609959	5,997044446
5,339564794	3,426607812
-1,473799052	0,544541546
-1,686143131	-0,285290826
5,565581809	6,185733027
4,529206137	2,57912452
4,680611978	-0,515615473
1,07033461	3,857432147
4,621608171	3,198127936
-1,142156884	-0,145618071
4,509149737	6,313640573
-0,375338765	-0,718899531
6,042313528	6,054694054
6,014675499	5,748074025
-2,25142171	-0,934385483
0,772484742	5,051794183
4,711523705	3,267973093
-1,509477285	-0,215170242
5,589191395	3,019038696
1,163408591	5,03965016
4,320926765	6,736681923
5,864476972	6,584775556
1,420417037	4,421832047
5,714606241	6,241259041
0,29359967	-0,136187723
1,395539017	3,849763923
4,657394933	-0,463322948
4,275089863	6,182134298
3,536090791	-0,478658185
6,315854574	5,674921352
4,44946722	3,436702901
4,878523619	3,074077964
1,576438658	5,156496457
-1,331336422	0,294954523
4,987282955	2,529483345
1,344203696	5,037292062
1,175936202	4,612774284
-1,063710922	0,685915752
4,939448316	-0,782235851
4,273840336	2,970783023
6,324290513	5,997846776
4,847012043	-0,482220414
6,013741678	6,331046638
5,745392736	7,120080469
3,983349617	3,263232122
3,544627985	0,022385509
6,237519542	6,214474525
5,423058776	0,083300307
0,948023808	4,451137795
1,115050493	4,123492026
5,19461802	6,173041648
1,42538388	5,170143834
3,89143516	3,344734508
4,942811592	-0,062793576
4,781767787	6,77020032
-1,272913477	-0,544668305
1,502454864	4,125942079
0,739422759	4,393148093
1,109193613	3,961990858
-0,993989571	0,499698575
4,272133007	3,082820974
4,697582466	6,705894596
6,17791723	3,618946101
5,099631095	3,34321699
-0,640645371	-0,941366526
5,686140749	6,530427164
5,342787663	7,483173872
1,572989596	5,087358466
5,819418163	3,515189754
4,642947837	-0,807704842
-1,28056905	0,093597504
5,77465313	6,589138147
0,330751903	0,820554569
4,875184418	4,215435137
4,818617188	6,267694499
4,904675103	-1,720353174
4,664879362	2,651087981
-1,671083893	0,355816723
5,211157089	3,24887963
2,101057697	4,83165849
5,670997808	3,343219837
4,528217748	6,56740836
-0,000298961	4,020957503
1,262362214	4,672393065
4,576938914	-0,087209382
4,872241351	-0,905240652
4,900053663	2,882519527
3,725006586	-0,609348183
-1,525980704	-0,014101697
6,220619505	6,110550267
4,818190657	6,147221826
5,408353808	6,245498122
4,443566821	-1,476088889
4,695860352	-0,671450293
4,141127623	3,076620479
-1,504810835	-0,562447869
2,286501119	5,196425669
4,534678743	-0,593545477
0,097980492	-0,029039612
0,264956034	4,407255006
5,216442249	3,4206427
-1,237028213	-0,314844919
4,565364713	-0,719258737
0,655091334	3,784654552
-0,322851093	-0,576285749
4,465665091	3,003028932
4,398405286	-1,157883936
-1,038808612	0,628188745
-1,00852904	0,489893365
6,253146919	6,513739378
0,626731467	4,313035292
-1,275114903	-0,906859166
5,238372605	3,235564441
5,779228507	-1,160156559
-1,385085303	0,335023267
4,947654259	6,927205826
5,438225372	2,773814296
5,627027027	5,341420227
1,650865859	4,040141477
5,772594403	3,043352708
-0,819127169	0,319927424
-1,052785231	-0,541077068
0,659340685	4,075893849
-0,084563299	0,395441755
4,731669739	3,538590522
-0,585507657	0,333263029
5,15145443	-1,44070272
6,026519908	2,823442807
-1,707280061	0,195014991
5,986854932	-1,655704509
5,160076943	5,998154982
5,409876326	6,071866223
5,437470094	2,987975871
-0,889133046	0,445963856
1,143471668	4,8180205
4,986607358	6,024852088
0,669923181	4,290827711
4,864590783	2,402876245
4,603077826	7,307648566
4,984677403	6,001547656
5,000819045	2,653869941
1,074400314	4,75776662
3,38591292	-0,680543122
-0,840894844	-0,744768744
0,312715827	4,332288425
0,533073697	3,653425596
-0,513862989	0,678711879
4,636668985	-0,543404441
-1,579189092	-0,935421686
-0,41800412	0,914827269
4,858311154	4,102243818
1,315830217	3,907183557
5,111391215	7,025370516
5,110650939	-0,312330353
5,064348451	5,856346198
-1,8579111	0,314599579
-0,394388518	-0,723379644
-0,943963695	0,217081209
5,361881507	3,255224842
0,932361789	4,478234648
0,005508027	4,304630424
5,102681804	-0,987572419
5,475402037	0,001102632
3,433252929	-0,989203043
1,146234298	5,135555702
5,013390128	3,389757428
5,065969096	-0,546218432
5,332939007	3,547551113
3,647643223	-0,151955302
3,697105635	-0,40796243
5,213165122	6,481784941
5,47680564	6,886075624
4,008689286	-0,322885283
-1,564389179	-0,576109411
5,666340176	6,449344439
-0,978614637	-0,178853943
3,746990222	2,502525489
4,331187841	6,367412451
5,758494058	-0,883994832
3,678988217	3,746786821
6,492022914	6,950639027
4,405449426	3,553242374
1,402439108	5,015572674
0,165255166	0,234042797
5,426155221	6,677063054
5,868613701	6,660482578
-0,686260637	-0,067252707
5,357729668	3,853768245
-0,728333931	0,119969828
5,525827586	6,979891356
1,657292886	4,514691732
-1,41882987	0,098722582
1,077646493	3,846930579
6,501153253	6,680080707
4,861295446	3,98405792
5,085641329	-0,792380922
4,559909614	2,70975365
5,876889111	5,978513911
4,800669702	-0,350843452
5,476779738	6,976299006
-0,161476401	4,759312193
5,208195068	3,385459127
4,579037298	-0,235002225
5,086246762	6,49522979
-1,939395469	0,100696482
5,779433824	6,938433532
4,29305466	-2,002623526
1,493670857	4,015242505
0,92957911	4,91080573
-0,214845772	0,234097797
-0,670536479	-1,179417309
5,451822072	-1,311876824
-1,5468702	-0,236697078
-1,549288452	-0,664305524
4,688436836	-1,304527443
0,047052368	0,295542589
5,068843167	-0,742972654
-1,140772945	0,630896594
4,567339691	6,543714413
-1,446201173	-0,387582368
4,403938596	2,957561981
6,270207824	7,575792469
5,656642729	2,856611148
4,530742379	6,863788213
0,99268073	3,635640049
6,472868976	5,617255531
6,700907843	5,877640524
5,056004095	6,065125099
0,740726933	4,178226359
4,947174553	5,438782808
1,276836034	4,267598556
4,898234708	5,447543039
-1,358654372	0,879136482
6,051362714	6,280095799
5,685651669	6,8897463
5,77706799	6,455376146
4,058915794	-0,17580688
5,549275094	7,040983736
-0,677463268	0,188569138
-1,202901217	-0,324624725
5,123097626	3,04136565
4,777999906	2,170784144
5,732421724	6,193381405
5,019279081	6,199655945
6,047717426	2,651130527
5,263918528	6,722716978
-2,268617001	0,398276362
5,410584253	3,381289401
-0,971160861	-0,026543369
5,247191135	7,145669463
5,038974797	6,470594909
5,338674618	2,596811918
-1,452372253	0,279720511
-0,19691554	0,813959824
6,413859564	6,687138445
2,055362224	4,68634149
5,007993848	6,163121329
1,029031943	4,27569381
4,946993607	3,197998081
1,395768114	4,261042527
-1,185421487	-0,353029548
4,414939838	-0,327836082
4,730670897	-0,233523575
5,130989758	3,459538168
1,230491705	4,549999638
3,552674339	-1,573869562
5,464212248	6,035001433
6,104931483	6,405337887
-1,584415317	-1,030533958
5,509481938	3,3942298
4,601875303	3,003775208
4,134840805	-0,177773665
5,023959262	3,008836016
4,41239638	-1,182656058
-1,34549187	-0,043464112
5,354749752	-1,284367513
4,102076536	-2,014332462
-1,287396582	0,249475842
-0,753711817	-0,676680022
4,543504719	-0,520747816
4,526253024	-0,006580388
3,378269442	0,043401904
4,633463191	-1,03764442
-1,103247469	0,040965947
5,085553806	-0,910311396
5,30464444	6,609663186
-0,973829744	-0,700037349
5,113521068	3,393509668
4,802305164	-0,006495349
4,192778092	-1,206518331
-1,159809998	0,688860102
5,461807534	6,606955172
-1,509555288	-0,812258645
-0,262780684	-1,129649812
5,197849981	2,961961171
-1,331761679	-0,782219127
4,379058595	2,557750267
4,551123786	6,091787727
1,888314747	3,793638714
1,045215893	4,49691498
6,199283228	6,379516267
6,096299365	7,102335557
1,943062685	4,585567076
5,389071721	7,386787107
-0,280208016	0,596573561
0,500168867	4,345164606
5,618430325	1,970602865
4,454166006	0,142217101
5,105211005	3,322492388
5,258126448	2,427523915
4,878848242	2,756967885
5,153821576	7,066857374
5,487406886	-1,40773994
-0,082225922	-0,109495427
4,440370597	-0,346563084
5,185818739	2,489920224
5,185880403	3,827033961
-0,774625179	-0,44461176
5,842002858	3,168107329
4,285823655	3,039139885
1,306128078	3,627815106
3,641356767	-2,126717209
1,277792329	4,542449926
5,357630676	6,68454877
5,090771568	2,801410077
0,751537516	3,743859707
4,949296407	6,7180396
4,735201413	6,190686573
4,745334313	5,636482978
1,304879445	4,063395811
0,948106924	4,292187031
1,168517375	4,184644552
-0,429907649	0,73846572
6,053693432	6,406544577
5,436197395	-0,390959264
5,665143484	2,838413295
6,587229944	7,347693926
5,458615473	-1,087205352
4,53349885	-1,36528666
1,174254702	4,638340852
3,625041865	-0,515818386
4,218560333	-1,345226976
6,105749258	5,945347187
-0,978925181	0,067386371
4,260926097	3,262185394
4,695921499	0,307666061
4,545666659	3,525531197
5,200451646	0,198833227
1,546515687	4,666372553
5,039526009	3,027607069
-0,773727913	1,155247952
4,712679566	3,310640209
0,839878345	4,094826275
4,975470479	3,747457326
3,985290123	2,543514846
1,136152935	4,550244709
4,790680491	-0,283704816
4,953124641	2,528908286
6,046318694	5,884800317
6,078761845	6,393158849
5,593255789	3,005289524
6,341539557	6,59013451
-0,416894013	-0,059359854
4,447427738	5,857814515
6,184066954	6,027029335
5,191608249	3,65629641
4,50458418	3,129414713
4,602334266	2,331957643
5,16130786	2,803778391
4,912754098	7,08206445
5,903066694	2,368111489
6,609285072	6,841216367
5,53091555	6,912738623
4,88713414	-1,640874309
0,61367721	5,052170834
5,098868582	3,240695697
4,802836139	3,190520188
5,567781283	6,73351191
6,227933851	6,350365902
-0,462221316	-0,032605465
5,645318676	3,15505502
5,190159972	6,899912373
-0,491899234	-0,064788024
4,083137577	-0,634821549
0,625432472	4,349331858
4,49217165	4,05639085
5,673262059	4,166841183
6,136910475	6,771349882
4,521395277	5,525111766
5,081631596	-1,099392339
4,061692254	3,779207674
5,966209813	5,290638862
4,629680768	-2,030739259
5,175224963	2,431128008
1,793592166	4,485684368
3,413744939	0,102424949
0,974410387	5,233371739
4,572216272	-0,139876656
5,143434613	-0,438269955
5,053156636	7,215143616
4,044946787	-0,901483249
1,058390853	4,998777101
5,30801102	6,47332896
6,09210781	6,504233157
4,398000116	-0,506107613
5,48928459	3,483197228
4,723686443	7,631017647
5,157167503	2,615549482
5,328602528	3,19380366
-0,141289292	0,008763953
5,315160881	-1,197941032
4,476031207	3,62048047
5,784643196	6,296792211
4,917197002	2,518407658
5,274138585	-1,926439585
5,596942195	-0,981353548
-0,511146984	-0,997230433
0,543320922	4,601418883
4,519886394	-1,413350062
1,483979424	3,875636947
5,838417734	7,373457665
-1,01926129	0,175815861
1,329481566	5,212773774
4,317527713	3,179151619
5,755589766	6,886476187
6,150903768	6,375175321
0,956500786	4,556488584
-0,004626547	4,599515436
5,146657803	5,442900741
5,541472346	5,795110939
3,245360446	-0,543374089
4,29928917	-1,52849109
-1,868362219	0,353429502
1,930714563	4,636619304
1,963408736	3,386720285
1,878583554	4,055601937
3,916654555	2,843900284
4,741142836	3,091305896
5,083943558	-1,148692052
-0,64286599	-0,457403829
-1,087596445	-0,298370363
3,978204569	4,131007873
4,695424933	3,347123281
4,333976477	6,152403943
5,788402274	6,91938933
3,602449439	-1,406065678
5,009070885	6,652382106
3,495496584	-1,595063817
4,439637358	-0,869373424
-1,215269636	-0,130065825
5,080239769	2,842450883
6,088776298	6,998957599
4,506288522	4,249032885
4,838589298	2,301177137
1,098255698	4,86681486
0,697026502	4,485034581
5,182394238	2,92195735
0,791902916	4,65320609
4,521876874	2,877709583
-1,439746921	-0,514429652
1,824681716	4,470574995
5,517517042	-0,456113418
6,158756531	6,622074248
-0,848634907	0,001131675
4,460334634	-1,211783916
1,591509384	4,412511875
5,117726321	-1,001134415
-0,448914427	-0,213823817
3,917913617	3,778297455
4,077002039	-0,428027018
5,5246225	2,526506563
-1,07763764	0,123095374
6,51253841	5,38299572
-0,093975568	3,520581448
5,593638221	2,635770688
0,369284283	4,536848328
4,553896871	2,571368861
-0,756215992	-0,551175869
1,99581236	4,43558363
1,069824426	4,906183204
4,068156287	0,160147508
4,308650704	2,709929771
3,750483833	2,545780058
5,446443378	4,024043339
6,346356797	6,428571361
1,3726128	4,295847939
6,145726024	6,236488333
0,738241731	3,804087945
5,04856899	3,563274175
4,860916908	6,859264893
4,989025396	-0,881854578
5,125280906	1,814614374
4,831624313	2,009470678
3,616479574	-1,465062954
4,575143515	5,749559971
0,257005499	-0,482230053
-0,954569661	-0,309414437
5,581522118	6,434838823
0,452826054	3,489750523
6,162740096	7,046827253
0,948768035	4,292623717
-1,679109016	0,220973258
-1,41945616	0,843936664
4,324709896	3,563206018
5,469012408	2,3765295
-1,363082776	0,087194325
4,557805221	3,611181061
4,700635715	5,809573707
3,604936988	-0,664604962
0,886722052	4,407987632
5,647565507	6,61149103
4,96634048	4,198685568
-1,018157061	-0,99020262
4,384939065	-0,072138605
0,109972032	5,040044954
5,345400203	5,329876898
0,95449206	4,571557225
-1,024435417	0,578962537
5,793684673	6,524091901
4,86082396	2,914767875
4,413656217	6,423364669
-0,952273387	0,376047075
1,583510088	4,113148982
4,36892985	2,522546059
0,971183395	4,444412747
5,107860367	-0,701446036
1,514321516	5,003322472
1,554495591	4,959442289
5,009759983	-0,655092068
5,496916368	-0,834214693
4,904167145	-1,552063008
-0,261274011	-0,08922319
5,22815265	-1,002235988
-0,484423382	-0,829672611
5,605591938	3,444287435
5,866669557	6,612117222
-0,04228827	-0,202422927
1,161597531	4,151925778
-0,56100207	0,168198058
4,606942563	6,679051907
-0,59492222	0,478149145
3,797288991	3,520957299
-0,746966592	0,82641557
4,622164183	-0,281356344
5,245083096	-0,851224293
-0,510204712	0,773698693
4,589508279	6,931101658
0,543193795	4,907639453
4,988915772	2,73907874
4,427942644	3,009746975
-0,237626529	-0,455867829
-1,385310694	-0,471865229
1,080517504	4,516344934
5,30499245	-0,590040451
-1,569794562	0,391647368
4,249754272	6,607284869
4,868353455	2,833273759
-0,854765358	0,746153596
2,072681063	4,3343565
1,395934477	4,356422394
0,943939561	4,737351091
-1,060787885	-0,335924895
5,581427062	5,685925747
4,511930226	3,980682099
1,730898418	3,684257794
5,997139871	5,915289627
-0,421299442	-0,030094049
4,332015698	-1,474725814
5,385259039	3,234469123
4,796708119	2,539862614
-0,901105159	0,389058397
5,378489868	-0,005581138
-0,649404147	-0,231455513
0,538171093	4,114105713
5,260970294	3,363554257
0,763681125	4,793102223
4,888865625	-0,451130847
0,531398424	4,140110751
4,281435401	3,568466336
3,371707408	-0,248551342
-0,452308297	-0,313680513
1,074062102	4,549327853
1,386291776	4,013407018
-0,974804323	0,042501411
3,678809305	-0,88023343
5,123433932	0,357331084
4,652713625	0,460489223
4,549181329	3,134688204
5,339654373	2,07212064
4,330584822	-1,126607206
4,770277538	-0,461611846
-0,547529614	0,723155245
5,418334607	7,076441246
1,665739966	4,588833923
5,188404237	-0,962289018
5,425501116	-1,37347916
1,156059587	4,179795627
6,193002185	6,12413941
5,723218681	2,851428472
5,943557736	6,591119232
1,749535872	4,649619311
6,073488634	5,690652824
2,323894406	4,165098842
-0,596362237	-0,13486501
5,278175616	6,470603188
4,275103105	5,931547959
4,565757429	6,523359053
3,910510696	2,992121729
4,281766986	-0,496548155
-1,376868655	0,410349418
6,72050444	6,236241473
0,328556501	4,307297644
5,91712317	6,485396085
5,268828263	3,081810434
5,711962002	6,848739459
5,616053416	3,130128222
1,057464623	4,692944838
0,224975351	0,426549596
5,203745598	-1,225426008
4,968086123	-1,410599034
-1,070963494	-0,932381938
4,248542103	-1,361550029
4,719181333	6,295607467
0,543994301	4,615387023
4,62490349	2,614961499
5,451016853	2,911708949
4,977423553	3,283270464
3,847450404	-0,485787096
-1,086639305	-0,400921687
4,760553727	6,485737105
4,270528642	3,536541612
5,666644401	5,707308455
0,355258164	4,160760946
-1,427851419	-0,68066182
5,201339121	7,694525268
5,081459168	2,864792912
3,898217885	0,375587914
6,313980879	7,049500978
-2,1128412	0,369293765
4,654164756	0,0634255
-1,650263316	-1,069742364
-0,927337931	0,597895141
5,603993091	6,461332042
5,72200367	5,924177427
6,043597177	6,435253005
4,17297122	-1,078039176
4,881766585	7,032377807
-0,409633015	0,081395991
4,412635031	0,289869725
0,788868928	4,239345441
1,623548389	4,261056603
-2,157035608	-0,424027001
5,627422767	3,236331198
4,235474137	2,620343403
1,696143073	4,299262292
5,034829989	5,727427014
5,801201856	3,339224083
5,10948755	-1,26961483
3,773857536	3,925245957
4,608776618	-0,267347782
4,326007843	-1,092534366
-0,69970476	0,251912048
5,772042927	-1,402659926
6,418559258	6,572170863
4,472100255	5,487579
5,626732779	-0,965040302
-0,972927578	0,910966486
4,89720469	6,703581522
0,93485465	4,598234104
5,650294679	-1,250473698
4,9155426	-1,980139883
-2,390655793	-0,227287794
-0,879595728	0,196501568
-1,480101906	0,5654716
4,533005312	6,908311406
4,032333559	-0,650577339
-0,735243347	0,505395141
4,384851639	6,231061085
6,659821245	6,551084384
4,628908804	7,35191055
5,348312638	-1,917526983
3,312921443	-0,763620553
-1,123532815	0,95509096
4,895693044	3,096874055
4,568777848	-0,852334837
5,114419208	3,231113493
5,635455251	-0,658249855
2,020786248	4,068095924
5,019283484	3,138749098
-0,360922939	0,018688977
4,692051525	3,921878455
4,016014436	-0,265084675
4,677570811	-0,037606244
-1,383939358	0,587172539
-0,854427854	-0,056517551
1,224391479	4,354505162
4,174075129	2,44502741
-0,8227339	0,295826765
5,035696872	7,13913174
-0,744850844	-0,829524109
-1,423487793	-0,947019
5,109833199	2,866503143
6,258662263	7,338705903
5,169522832	6,911517959
4,446335591	-0,633073675
0,927102337	4,62013603
3,919034484	-0,228362956
6,228552141	6,004170002
5,740303959	2,196902793
1,870972483	5,062444515
0,7978233	3,496571256
4,936314487	2,334116629
-0,756597466	-0,125844012
5,398231376	-1,83534831
-0,883796073	0,077699178
4,960989188	3,923042623
-0,160110619	-0,426983968
-0,818560925	-0,911078121
0,691066812	3,339840255
5,219256421	-0,740747598
4,215560223	-0,826299255
1,382213468	4,015179782
5,511673146	5,787161438
-0,623343483	0,781989128
4,380184208	0,154592537
6,491907367	6,620543131
4,829501125	2,804829357
-1,832397395	-0,996581313
4,631196711	-0,676839307
4,991080063	-0,30583899
0,82691718	4,715308769
1,107684073	4,331579267
0,48317203	3,742099283
4,78248046	-1,566583204
-1,185564195	-0,400997071
1,362811085	4,625888431
4,843051941	3,506493141
6,141283002	6,220573094
0,560798855	3,731270554
-0,135449915	0,300004317
4,006680089	-0,175221759
4,80225278	2,74625945
5,429612592	3,47694658
3,699365829	3,102541816
5,719116548	3,201638012
5,956271807	7,376014621
-1,875277987	-0,209377869
4,952018661	-0,884405849
0,189253859	-0,19778312
0,376309752	5,032579097
0,527090289	4,409569204
4,697979482	2,264769824
4,861377468	-0,637889779
4,529503865	2,089512326
4,792452797	6,419847415
5,007211143	-0,865517929
5,880518123	6,355268506
4,920309097	5,287673198
0,790525318	4,615442802
4,857769769	2,977795377
4,734022947	3,467611844
4,239709475	-1,498841285
4,765801202	3,128817197
5,388308736	6,96290095
-0,040110151	0,117808419
5,505084111	6,464149239
1,15185156	4,016075322
1,077846505	4,408027955
5,707664504	6,275397101
4,205379664	0,034791425
-0,384847017	-0,209810737
1,119859742	4,564627241
0,474089276	4,919026416
5,045161678	2,115789748
5,136280941	4,070081774
0,307290719	-0,790131724
-1,77888266	0,297492848
1,07126402	5,110034671
6,558733259	6,681037133
1,122543994	5,069093102
4,758083277	2,009831481
-1,346231091	-0,192141633
1,133583859	3,472684324
4,417324468	3,792876366
4,756277697	2,077945676
-1,150568546	-0,556868276
1,522360921	3,522584505
0,324611155	3,398186115
4,40040887	-0,112601436
5,419306618	6,923693333
-1,14318529	-0,241093908
1,294045268	4,033736617
4,510215587	3,675595374
3,656897926	2,852553853
-1,05835067	0,554468335
4,8252022	-0,367187432
-1,308040075	-0,364428168
1,379642307	4,725971656
1,725130334	4,593325468
4,965236546	7,349316011
1,676610526	4,707868892
4,949776695	1,983238531
-1,467358171	0,043337827
-0,296800556	0,131795616
-1,063709612	-0,27035274
-1,80115495	-0,28134945
4,431170222	3,086732243
5,08854071	6,797896439
5,412579961	6,858910081
-1,247737558	-0,0933318
5,844175057	-0,310125729
5,736115872	5,768069872
-1,017718479	-0,194236997
-1,182128794	-0,700420934
5,484260738	6,575738279
-0,869816218	0,630247065
5,462221445	0,433104289
3,562619893	-0,719348647
2,138476606	3,461453965
5,42268266	3,306780575
5,576420211	-0,092244906
5,11360674	3,411801179
4,360772407	-1,001713
-0,154264041	-0,000334009
5,596290981	6,608453443
5,427616141	-1,887144127
4,373836862	-1,740787678
0,325129437	3,863730937
-2,028332834	0,49959767
0,219982551	4,210105019
5,144639381	-0,95184005
0,457286054	4,596927924
5,490177949	2,727121547
-1,517897224	-0,4030736
5,03358182	6,495434197
-1,269650556	0,963777021
-0,98334798	0,467402458
5,662777705	3,463652908
4,613493818	-0,739516199
1,034007077	4,099964219
3,625227757	-0,436824814
-0,038156679	0,06830573
0,180623602	4,080297167
1,178897555	4,815046025
6,543277441	6,01114752
5,489584508	6,705801755
4,84319638	-1,478956864
6,076358841	2,281813819
0,096280162	0,026610184
4,65713279	7,058314211
5,438330626	3,097283878
4,80365475	6,766126564
0,519314468	3,639402724
1,407910599	4,153522481
1,135455048	3,98005717
6,006173905	5,841510547
-1,086205493	-0,534682942
3,355234402	-0,782598539
0,466721125	4,553227751
-0,443361321	0,376753477
5,91000166	6,557491154
4,351145689	3,528343882
4,590112467	3,379486134
0,749919518	3,592178351
1,370224581	4,505486885
-0,69752895	-0,758999692
4,53871819	-0,865950724
5,805264171	6,24177866
5,098891618	5,398698746
5,665647689	6,497731613
1,030753934	4,371306988
5,203651342	3,731777444
5,06975588	6,574835328
-1,030331757	-0,009994606
5,097452715	6,363760417
1,159859639	4,554479493
-0,639725899	-0,255485153
1,380282259	4,43236071
4,509273419	2,755858951
0,972756575	4,209848442
4,547483814	-0,158703446
5,410508985	6,234496499
5,009510704	6,844303095
6,758571151	6,84018292
0,120283731	4,683437571
5,572724324	5,577031453
0,951836442	4,516309005
0,142719937	0,072288865
0,898465701	4,006964422
0,103920239	0,447729965
5,329808259	6,938004721
5,344523821	6,414750482
4,617478638	-0,36395512
6,460562215	6,464839191
5,786210259	7,060930521
5,60581727	2,245815158
4,880501048	4,115486501
6,070411909	6,663362502
3,902747598	-0,536861104
-2,355317854	0,141605201
0,942440045	4,393748607
-1,164896755	0,075765461
5,60951106	6,683000371
5,40166367	6,703138137
0,758933828	3,715613657
-1,775736027	-0,680741061
6,458016032	5,986296098
1,487289938	4,232644385
-1,18553837	0,576082512
-1,300311555	0,156209588
4,492338916	6,484961876
4,570919614	1,95799417
-0,950830011	0,256677302
4,859690862	-0,88409777
1,258098199	3,916269551
5,403866826	-1,936162032
2,23390341	4,502376955
4,362695304	2,816254047
-2,104039948	-0,148452737
4,263601774	-0,042297918
0,189539482	3,552452379
5,444863059	3,163453578
-0,245472943	-0,560701972
1,160225585	4,576813913
5,212166105	6,538151607
5,118370343	-0,237149202
1,640533532	4,380826387
4,999729566	3,350883806
1,216278319	4,070542464
1,607535217	3,818165739
5,131268072	0,213086743
1,324742844	4,254378302
1,139001621	3,732737352
4,301691988	0,024834338
5,772242181	3,008594826
-0,409532821	0,694366891
-1,252699524	0,19322791
5,313189011	7,444846231
4,437541973	1,918879659
4,527396386	-0,110500488
4,36033636	2,982935082
5,159508043	3,816874716
5,19354753	6,163201387
0,51376465	4,408522051
5,054197123	3,066483077
-0,040357269	-0,19983894
1,388664248	4,755289926
5,331303688	-0,16360716
5,165565221	6,868953331
-0,95979161	0,432209078
4,815920549	6,266970809
5,725013716	3,021420497
3,957827076	-0,931034022
1,131820574	4,12369191
4,362933057	0,200653569
3,911944514	-0,067375751
4,072550671	-1,776685941
5,005308555	-1,878263069
0,510705224	5,073565048
2,190196006	4,870212133
4,295662787	-1,134285233
6,367530999	6,733073016
6,340982245	5,888556817
0,827749059	4,285121826
0,590391463	3,935346474
-0,829324961	-0,055674375
4,74771198	2,919052765
-1,75717688	0,607888021
1,855571278	4,386386459
0,567337908	3,663289566
4,711854098	3,136937457
6,200475757	5,560532768
3,97401936	-0,187306809
4,96453067	6,230694041
-0,458557659	-0,617445924
5,616650253	2,986443932
-1,525560436	-1,13137408
0,995225806	3,701714595
4,52935484	7,186675013
4,894570631	0,267854671
4,973814096	0,067736895
5,344721261	3,568251943
2,114950454	4,386312452
-0,45484522	0,130776483
1,72869272	4,539024525
-0,330045816	0,218723101
4,493373188	-0,829553729
5,121022965	-1,026439688
5,523458212	3,387516391
4,405506351	5,978891492
5,409709404	0,291270133
5,375570815	3,728710451
0,842043087	3,512064519
5,273099937	3,228300848
4,857226364	6,366064487
5,270173052	-0,719489845
4,483536108	3,477660521
4,178114999	-0,15737378
5,266008722	6,621080741
5,009912029	2,985287194
5,500909861	2,446234155
-0,358845029	-0,752249571
5,717342305	2,727835333
5,604348524	6,000364616
-0,847429592	0,105274482
5,99580549	6,616544232
1,000659311	3,670667612
5,506492971	7,013221293
5,877580716	6,50040734
-0,658216651	0,153370364
5,025011915	3,151718751
6,477383303	6,944375255
-0,318889457	-0,272078759
1,654021365	4,422061778
0,971872169	4,089614366
1,034625105	4,422392323
3,710606034	-0,425226099
0,813815526	3,627141766
0,513254963	4,735832776
-0,008315577	-0,606583264
5,320841853	2,460321744
5,348602128	6,992625645
4,319639087	0,009965064
-1,088603034	-0,040169027
-0,744817556	0,836356178
5,710609001	6,928858944
6,149501212	6,45549139
4,788236597	3,312936671
-0,564806404	-0,14911412
1,309766463	4,585941265
4,75085715	-0,485162547
-0,429516993	-0,281734284
5,291800366	6,267560186
3,605043674	3,011423722
5,017144384	7,089257506
6,284033541	5,750646631
5,912591706	7,558670077
-0,513054937	-0,140929831
4,706920268	3,843173745
5,143131944	-1,051994929
5,93555715	6,914657859
4,978661117	-1,181954814
-0,939996015	0,33572306
3,732615768	-1,272790132
4,589992214	-0,794618059
3,710857635	-0,925137056
4,154648943	-0,043070564
4,927838813	-0,974584546
6,18137933	6,85986048
5,507007092	7,397247071
2,155293332	4,520037346
0,076142033	4,737007362
2,237095491	4,329596016
3,88732086	0,187122703
4,708442121	2,862534335
5,603841632	6,295056611
5,311889437	2,319916903
5,146765533	3,361888457
4,270774083	-0,011340395
0,401948485	5,253032788
6,660490758	6,345935716
4,788732827	5,984878543
4,867398944	-0,563588819
4,47182404	-0,747736897
4,599987865	6,026665861
4,40146467	6,454791527
-0,670037868	0,361481361
-1,022856311	0,063455625
5,421586779	3,098526259
-1,947223959	0,684288669
4,428430737	-0,404258568
5,862458561	6,830276995
6,138566608	6,393245237
5,4246042	4,028361608
5,197876769	-0,60559042
4,99047631	2,313507378
-0,565158035	0,101920126
0,016196442	4,518725287
4,312795499	2,076855136
0,439975352	4,232643889
5,281631209	4,033297517
-0,774722162	-0,479592503
4,750084129	7,189464523
4,104540226	6,928797829
4,883751927	-1,127899492
5,027290545	7,10642257
1,042991967	3,702445996
-1,039579246	-1,038337515
6,217660393	7,318387026
4,578536155	2,612739559
4,946466355	7,437314842
3,860222537	-1,611025679
0,214275599	-0,787568361
-0,731497677	0,74464855
-1,0753275	0,423743329
4,844458697	2,931035626
-1,281217901	0,632820187
-0,138658134	-0,108824609
5,092140554	2,30222142
-0,902017829	-0,161282777
5,221303802	2,4951944
4,744943645	6,138148351
6,507175296	6,393072924
-0,841797658	-0,104495379
-1,003893891	-0,260633864
4,403144554	0,088454477
4,216134301	-0,83725547
4,105894817	-0,405899054
4,598574609	-1,419982757
4,034846156	-1,870004456
3,849411603	-1,077052437
0,941920076	3,90829015
5,459889928	3,518497765
1,496472553	4,530187184
4,413585354	3,068045476
4,982114785	6,573487234
4,633141087	4,084728652
4,890098629	-1,13003483
0,739080502	3,952428246
-1,404741705	0,875237257
4,230711388	-0,750179253
5,171142503	2,899218977
3,523801601	-1,052083304
5,318515624	6,960784737
-1,053458682	-0,17194597
4,128779089	-0,189641818
-0,492037939	-0,309935543
5,140099718	6,222887937
4,186784229	2,738749767
0,357732315	5,292495636
-1,890740117	-0,148850038
4,584101036	3,175402341
0,135973513	4,559009505
5,786652004	6,039975985
-0,17012031	0,796641079
-0,412744887	-0,619955106
5,086600854	0,188297564
-1,61363763	0,054592994
-0,631764942	-0,159130932
-1,557724783	0,035018112
-2,242291783	-0,738462161
1,43041472	4,129994518
-1,119055634	0,074707074
3,874061664	-1,626628943
2,069398445	3,346889737
5,109745687	2,530778931
4,084164982	-0,552788613
5,330909298	4,182577064
1,744158071	4,481476891
0,671335465	4,501852489
1,428271453	4,87631068
5,600082926	-0,806813767
4,255170755	-1,747428114
1,577010267	4,326713792
4,281959377	-0,469261294
6,156063699	7,152612745
-0,664972853	0,476587308
5,211010531	-0,153872411
-1,651751896	0,213271985
5,775493222	6,207385941
-0,746016976	-0,426805707
1,425048568	4,69613095
-1,088622421	-0,810125708
0,403610349	-0,804283797
-1,193750999	-0,436417262
3,810613471	0,083417119
5,480058428	5,307878678
-1,001373862	-0,169118827
4,774579923	3,140800215
0,805048062	3,989706528
1,947490514	4,721370385
-0,746969121	-0,335778071
4,813686504	3,246477378
6,522418996	6,348756396
5,065525284	-0,785943009
-0,825499431	0,181397956
5,479521714	7,219481635
5,140169373	5,898590587
5,413444848	-1,043350179
5,282459101	6,643508916
5,513859327	5,966500516
1,274874828	3,431235698
-1,567453183	-0,677078232
0,812581974	4,533173339
0,307125417	3,706517686
4,494300732	-1,356471115
0,497455103	4,597021171
0,935999416	4,021060887
0,801835265	4,257407053
4,762679358	-0,132211508
4,675276616	-1,780774496
3,825199422	3,838533452
1,709317716	4,184306332
1,461830379	3,544885645
5,065454557	6,47762909
4,616467165	2,536470958
4,678494533	6,005769779
5,589790277	2,933248889
4,489593477	-0,834285651
0,609103224	3,679671915
5,152822719	2,658716324
0,679184889	4,718208718
0,808696697	3,859025363
1,056259797	4,491710191
4,576499528	-1,046205518
4,10243958	-1,226972294
0,854894204	4,668888224
5,349218707	6,844671562
0,560870986	4,369272508
4,560037322	2,650632592
-0,715076633	0,229789282
5,660040837	5,923905363
-1,710695072	0,837014956
4,597234722	-1,881548629
5,044074507	-0,611196247
4,965480088	0,082559235
5,367118767	-0,48971073
4,008028044	4,121131351
6,026623708	-1,2107549
0,173306944	0,596121349
-0,546803436	0,003383819
-2,192514126	0,139661864
4,544482931	2,566734805
3,984438437	3,649648465
5,358720687	6,5404088
5,823168094	7,085930166
0,721278491	4,104869564
3,993023688	-1,467864019
5,280794511	2,49162053
4,770568038	7,188790974
3,8189765	-0,720676697
5,795152488	6,381684355
3,798935921	-1,165987355
5,273393604	6,39482656
5,990612019	2,428327724
4,826663698	6,785869619
5,211595157	-0,777088809
5,455847677	3,18825133
0,94090927	3,969385048
4,982101584	6,016120598
4,588356238	3,648585446
4,250703784	-1,543239228
-0,178458269	0,307376812
6,695763058	6,718011559
4,771430907	1,855567681
-1,733451127	1,009530486
4,939031417	-0,736714592
5,297792981	3,082269368
4,486522624	2,358689928
4,994691954	6,655888135
-0,011260846	-0,357512063
4,380765996	0,270156426
4,775084654	3,215637657
5,793670787	6,440104121
5,178650255	7,159513039
-2,243533223	0,575731316
0,011125389	-0,101456568
-0,218019701	0,836665065
5,527870906	5,889029526
4,546117595	3,046563821
-0,635271996	0,624195935
5,464041591	-0,458598145
4,840005677	-2,095968729
3,90639087	-1,028292185
4,571067918	3,643073044
0,511600869	3,527726801
4,831253217	3,525364919
4,563443767	6,470623058
5,502379532	7,08483313
-1,190382813	0,400987592
3,92376333	-0,663886084
4,790741328	0,16078258
4,036232848	-1,573982545
0,481995322	4,064590139
3,542099326	-1,520550204
4,339095222	-0,187964824
0,259573888	3,840913469
5,451227992	6,693446711
-1,828042325	-0,229877809
4,730882557	3,323007007
5,83326482	-0,802235358
5,530230033	3,413617989
-0,700748465	0,567118935
-1,547069842	-0,31340798
4,494244287	-0,515460454
5,385149853	6,201748517
3,997039848	-1,562680983
-0,89060776	-0,852599451
4,812792942	-0,634571403
4,036474536	0,202186824
3,815440532	3,888773865
-1,132577992	-0,278967359
0,999205277	4,011784843
1,34969151	4,081343514
0,583879526	4,1547192
-0,96451744	-0,648233454
5,831551992	6,299222731
0,767961719	3,998090486
4,309473208	6,391686376
4,737347238	2,526891895
-0,701111746	-0,139493935
4,696120629	-0,397857894
4,799101634	-0,991535395
5,597684229	3,496711742
-1,997143451	0,065012965
5,902464919	5,528992223
3,910210244	-0,844531143
5,345764136	-1,0867588
4,576656374	-0,047216251
4,956313513	6,34700346
0,700693242	4,059386823
4,343051087	6,066901476
5,568671143	2,792096252
0,022232062	3,471887777
5,171569824	3,440757372
-0,275076539	-1,174881945
4,028971407	2,968242304
5,567428113	5,41516671
5,815297383	6,457979027
4,765019883	6,816366763
4,613537588	5,691885205
0,750980838	4,201925133
5,932981329	6,180870313
3,739203103	2,932513769
3,834607662	2,363481617
-0,771666036	0,32584812
5,685602356	6,943599058
5,86301909	3,40724116
4,357956717	5,946132829
-1,030226471	-0,360137997
1,953302606	4,871861765
4,490534811	3,84632895
5,405516975	4,290122358
4,235098227	0,378335469
5,393713217	6,438001361
1,54285352	4,542462431
5,731195061	5,981450882
5,251702749	3,804283608
4,465916068	0,114207767
4,146842708	2,86182804
4,819970828	3,149798515
4,19938414	-0,58951909
0,420967901	4,074270446
5,236454174	6,017066234
5,647816136	7,140468404
2,08512939	3,899174321
4,890122189	5,98351755
4,424864448	3,58401327
5,690665473	-0,648791404
4,613573422	6,543025798
4,433239023	7,448182751
-0,030862575	0,198818856
5,405305193	6,990007225
5,858617556	-0,532702973
4,191882185	-1,068288408
3,729353613	0,260162391
3,804071254	0,141502854
5,103144033	-0,790219875
4,181865514	3,714117863
5,710487774	5,931614561
-0,997742667	0,345140643
1,571873747	4,824779856
-0,654477009	-0,387079598
5,016128267	-0,872605976
1,5945404	4,151618891
0,150372854	-0,828221136
5,858372799	-0,38822313
3,735971802	-0,022581132
5,790161205	2,532656044
1,073019856	5,136767089
4,298462697	4,044590152
-0,027949358	4,415984387
6,422414013	6,236764792
5,219835686	6,803259279
-1,089190134	1,034601989
4,024402771	-0,885927826
5,902216375	-0,841026272
5,029460019	6,30566616
-0,399866128	-0,142010137
5,49056912	6,344754095
1,065470016	4,169939003
0,016268195	5,101718218
4,447506189	3,053678356
2,307042861	4,056344434
4,351186006	6,044908952
4,032647115	-0,734222135
2,032727824	4,231655908
4,835308118	6,928579883
-0,837011927	-0,67074548
-1,699055909	0,468508277
0,116141905	4,707552585
3,697054438	-0,816735659
-0,1067115	4,14623226
-1,655604595	0,114573506
4,539352625	2,674374962
4,966136828	3,427165729
5,022557276	3,604761159
5,688029952	2,724119117
4,885972743	6,819110749
4,420426665	-0,142092446
5,196535571	3,669476854
4,690374104	3,241170317
5,095808209	6,69261682
-1,19493629	-0,270492244
-1,088835947	0,584446542
5,234326821	2,880803348
-0,535308081	-0,985427015
5,222399347	6,299848823
0,96679141	4,619682953
5,171450421	6,307214209
5,318094858	-0,886077495
5,554451601	2,777659334
-1,795863112	-0,678883436
-0,231323226	0,340208991
4,873731788	-0,252653038
5,153692001	-0,253616642
6,284910093	5,878417876
0,771509691	4,918381692
1,223240894	4,31633853
-1,951573863	0,336666044
-1,345510842	0,420067505
0,174395642	4,56281245
4,750748592	3,209024527
5,029007066	3,962308778
3,626444896	-1,167108445
5,331283156	6,155129264
6,532241998	6,315705553
5,099718004	4,256982978
-0,347266192	-0,515561707
1,355521587	3,765135237
0,92053131	4,056276228
4,204609751	2,936060884
4,618967654	-1,449445263
5,084120272	2,739285414
5,750804315	6,748427593
4,294352389	3,674096035
-1,813891773	-0,054407619
-1,306984311	-0,843194089
4,525169619	3,030533606
4,506883084	3,430081957
-1,144864439	0,647078952
0,557605819	4,467652035
4,692795344	3,407428677
5,899783268	6,98783158
3,881785577	3,614644274
0,912094678	3,713682183
0,279817985	-0,179577368
-1,21504378	0,378368085
5,145529748	6,819563018
-1,844031514	-0,107848182
0,982225954	4,916999976
3,751797749	3,253248264
0,230145536	4,201819597
4,693685711	2,586780878
5,75353518	7,178854006
6,072031076	5,747711077
-1,149058546	-0,231484525
-0,416517805	0,178194778
4,662739032	-0,653438904
4,485762921	2,19166917
4,14637508	-1,108912905
-2,281516838	-0,503565756
0,330703664	3,938790797
1,136847217	3,876157587
4,737974531	6,574398548
-1,551114623	0,261698022
4,905788192	6,308858534
5,46713112	3,199456509
1,714586049	4,651675272
4,967624785	2,667435219
-1,608771389	-0,155185809
-1,069652496	0,420023368
5,104527009	3,046881971
4,862109522	2,349403626
5,570492455	-0,6364609
-1,066625105	-0,119092495
-0,845213295	0,218699638
4,970228808	6,416609691
4,707373158	6,515879509
5,001343893	2,60116336
5,579170202	6,554371092
1,135323709	3,569102157
0,273219598	4,854248386
5,326162413	6,21706881
1,574109505	4,161929657
4,658341029	3,207746885
4,666610923	6,32799366
5,573955113	6,564585732
-0,278272878	0,26262255
4,835581723	2,25066846
5,484270035	6,52942271
5,770191043	4,316460959
0,866895664	4,317665643
4,033610382	-1,206635505
0,419517771	5,092797755
1,638528866	4,145874192
5,352431362	6,353679658
5,832647731	6,699281321
5,323655481	2,857114634
4,753089237	5,259564855
0,388405284	4,038008301
5,123799269	3,490412595
4,115711211	2,612477509
4,680185306	-0,209666487
5,073112809	-0,410909958
5,297815188	5,621933975
-1,206483891	0,125783779
4,593615827	7,556260345
1,257636868	4,162074166
4,17580219	-1,548686357
5,654874982	3,554071884
-0,855296889	-0,304967494
-1,063561726	-0,81989332
6,101851524	5,984503477
0,990971404	3,493847945
4,397409449	-0,964490559
1,169148061	4,721959778
4,997066107	-0,710467595
0,642480589	4,607245583
-0,412778013	0,412226932
4,346004971	-0,91387345
-1,600873016	-0,311424267
5,454909412	6,589090597
6,189928587	6,330429556
2,068975146	4,144266616
3,62678621	-2,144971415
4,930851772	-0,878353217
4,622903469	2,334513877
3,975938319	-1,052278706
-0,864039243	0,13833145
4,600003789	5,648187794
4,059808495	0,135163203
4,599495304	2,483484323
4,959024772	2,964750336
5,059998431	6,427038734
4,869015996	-0,961743147
4,699914796	-0,86085771
5,405340038	0,254887499
-0,194681333	-0,782207941
-0,176942951	-0,234743421
4,81426462	6,183627577
5,857615848	2,826840545
5,46265959	7,661133442
4,132267178	-0,42024169
5,23791408	6,785438051
1,663501272	4,867688005
-1,814349737	-0,584871554
5,708915903	0,002354796
5,529219927	6,571834138
4,772545942	2,975273984
-0,707594921	-0,271407088
4,813204767	5,847548359
-1,714757989	-0,15615138
5,462967723	3,395338454
4,980666232	2,509092363
6,266021192	6,010197927
4,839465975	2,802515598
4,965441609	3,585255629
5,203252309	-0,521527445
4,468467217	2,494183917
5,427822036	-0,584926686
5,590141243	6,069270039
5,265878664	-1,032568282
4,24541537	3,083872112
4,182900495	3,014063095
4,798313037	-0,619339904
-1,921686685	-0,800400215
0,435365081	4,28214714
-1,000569017	-0,294196095
-1,201942521	-1,160606345
4,424897157	5,693658955
5,33219846	6,245653716
1,144848199	4,84782796
5,789857303	6,191817218
-0,534282571	0,402637863
5,386169053	2,215861938
5,807286941	-1,219056212
-0,406372115	-0,289427982
5,216405681	-0,872661772
-0,614468161	0,59132387
1,249098627	4,294352958
4,74468164	-2,172609623
1,56444126	3,798132067
5,134106334	3,06772658
5,500899803	-1,09571776
4,631304719	-0,550638228
4,047377428	2,483267906
4,309934436	3,233591253
5,038577145	-0,328516605
3,843807986	-1,277620951
-1,097628598	-0,283626867
5,087645783	3,566153321
1,719138071	4,382722378
4,950320026	7,128949945
1,192264881	4,006310965
-0,318247012	-0,274773459
-0,615207537	-0,327547975
4,314824732	3,345299289
6,295906502	6,41108514
-0,636836928	-0,604261319
5,726667001	6,000126147
5,112028114	3,759933736
6,09916185	6,900133312
4,504706269	-0,470353825
-1,240819965	0,823499277
4,704009167	5,797126862
-0,646608681	0,466555328
5,054834612	3,878791518
-1,263451003	-0,346115162
6,449342752	6,006556298
4,640830696	3,422957471
4,177834482	2,811333607
-1,527520737	-0,674432494
4,567602485	3,186836385
4,964853708	6,937713405
6,704780615	6,130886198
4,367872717	-0,447708422
2,051512926	4,168437424
-0,747509812	-0,631943969
-0,154317811	4,453709649
5,106343504	2,595447885
5,848808401	7,407835892
-0,99813659	0,668715235
5,121600917	5,819815761
5,666027878	7,32159243
4,238439214	-1,302090528
1,967292813	4,306711105
5,840520081	6,965951044
5,045560958	3,258630015
-1,34440508	0,785698057
5,044526353	6,868948221
5,730053572	0,276303679
5,247917616	3,97781246
5,122750254	3,492354486
0,263172427	4,149316393
-0,366811471	0,823983814
1,694281805	4,812997596
4,738441111	6,259719957
6,037163342	7,166891959
4,440897132	1,962505392
5,296032419	-0,578944481
6,563975048	7,041962785
4,586736033	6,307878304
4,946490167	5,436759624
5,741884131	7,033890717
-1,059074628	-0,313044303
-1,151405973	-0,927059201
6,36136472	5,971035513
4,688134376	3,453092261
1,142035682	4,372406207
5,802755733	3,001919274
1,7193119	4,170230852
4,143648042	-1,739912849
5,29848783	2,380281767
5,571011854	2,641691266
1,34624084	4,368873152
5,429381844	-1,971196117
4,152147704	2,973915389
1,479724034	4,393382226
5,072156685	2,155196473
-1,16241543	0,736710021
3,535554214	-0,69228913
-0,679306682	0,098321566
4,880595607	-1,281942965
5,66956474	7,670749547
4,631869919	5,463297025
4,789548171	-1,246719042
5,375086152	6,985709582
4,919511382	6,935526957
4,265114781	-0,735165005
4,436037826	2,975179471
0,507824892	3,704683464
0,840777579	4,426429538
5,174941412	5,694292642
-1,322615882	0,206675428
5,550871693	-1,208095484
6,429627357	6,790299707
2,279437625	4,302917377
5,396235287	3,100129554
5,455353243	6,238650894
1,787584106	4,272952797
5,629903306	5,350847446
-1,829239993	0,403391321
5,266172911	4,017181831
4,978713211	5,950246175
5,28857117	6,616598767
4,688045448	-0,334693104
5,331163267	-1,454037325
2,054556391	3,877901715
1,29252113	3,73620448
-0,781683562	0,400842788
4,724275236	3,594874373
5,805186079	7,279123154
-0,447581987	-0,437871111
4,397640791	3,430617073
4,452920365	3,259681527
-1,329477699	-0,375907593
-1,134191185	-0,192246832
5,397117459	2,80932353
3,895961583	-0,570671209
-0,563706714	-0,749320544
-2,036308057	-0,622284208
4,258325089	0,383667277
4,229676826	-0,004967999
4,869724932	-1,842748244
3,781116217	-1,156793943
0,856520112	4,944070703
6,102153478	7,531363507
5,532837619	2,430878575
-0,030043154	0,200095593
1,836166838	3,607293533
-1,654008643	-0,359945349
-1,17446061	-0,948322216
3,471048071	-1,085850094
5,185610681	-0,656195225
6,430381688	6,525574519
5,165272391	-0,60149903
-0,07615362	0,255957393
5,025684847	-0,381536575
5,293222192	3,402519613
4,381145956	3,633102143
4,318340462	6,605945903
1,488020491	3,802519254
5,526237666	7,18303566
6,133630987	5,376656908
0,176945087	5,03362133
-1,331765715	0,276137796
1,790440132	3,79126173
5,085689855	3,825807788
5,688072756	2,139159354
0,975424867	3,617842522
0,218815505	-0,224245516
0,277574339	4,860232218
5,490010254	-1,179675672
5,257929038	2,477796302
-0,803997141	-0,0500419
-1,334018274	-0,311086886
-1,459787485	-0,580344774
-1,985411208	0,111937977
-0,037842658	-0,177616722
-0,807588386	-0,501739955
4,756947209	5,856002418
5,889140425	-0,780667284
1,913470078	4,983872412
5,080979241	6,58075962
4,605285908	1,968735508
-0,691357564	0,669441376
1,812440638	4,20714026
5,229722848	6,522452571
3,819989083	-0,703088942
5,413792757	7,436615072
5,173142487	6,708570308
5,552599608	-1,03933737
0,364846704	4,569958291
4,863873767	-0,557705708
4,580427206	-1,993989735
5,634501219	5,838269317
4,984184557	0,194174371
6,041827442	5,565370834
5,166927693	6,035435664
4,128042434	0,151332125
5,80965896	2,508962066
-1,098502089	0,690247786
5,097657207	-0,700802963
-0,257158885	0,016129777
0,470164038	4,015141248
5,079068496	-1,60053631
5,104810328	3,372275219
-0,389765292	0,178597613
1,34316183	5,093762249
4,489788488	-1,896370493
4,986654556	6,400638903
5,755886466	3,049871824
3,690987048	-0,818850952
4,880252153	-0,528578415
5,525828538	5,82847263
6,595767332	6,904574846
3,978472114	-0,533181905
4,403573127	-0,365249883
5,299004857	-1,151307771
0,044183784	4,14942336
5,891517738	7,000111407
-1,475503927	0,75856899
4,764724279	4,176728365
4,732402278	2,896387911
3,893632046	-0,330940248
-1,691217548	0,858277113
3,816982525	2,735535618
1,146137921	5,05946467
-0,661003126	0,054097871
5,153459505	3,055084266
4,926681737	7,348624566
4,740585255	6,879946493
5,846285709	-1,663807893
5,724526526	5,886381393
4,479715443	3,189123941
5,073165409	-0,879860103
4,60765228	3,138906494
5,026777515	5,421633746
4,213732182	2,875884564
4,317377006	-0,570655898
0,406018143	3,704739219
5,942129697	6,034135524
5,00103408	-1,759417955
4,302123965	-0,902159046
5,100787984	6,201218889
5,290193921	5,704352998
4,949156461	-0,351315466
4,210298435	-1,776912635
5,121491897	-1,650784478
5,313608591	3,190557676
1,360638954	4,112533941
1,383990278	3,62813166
6,317339479	7,407135396
-0,015775572	4,260712966
5,339582449	7,093061533
5,889324107	3,087421716
0,678715729	4,2161352
4,391289412	6,672236229
5,241700709	7,104838097
4,97232614	7,164798712
4,785969629	2,906505111
4,606412558	-0,220347133
5,898553793	7,59454868
5,693680449	6,121902303
1,379907502	4,162171402
-1,000218302	-0,056551112
4,372960002	2,484232603
1,777787437	4,513797453
-0,39383918	0,32305745
-1,391941242	-1,056663159
4,763492089	2,589181445
-1,449718288	0,503581804
4,939368107	-1,227782043
-1,630570763	0,819392991
1,3365959	3,790448634
5,44888967	4,163731741
4,520505848	3,600153571
1,855503989	4,430812239
4,774642824	3,060270523
1,723593455	3,941303795
6,125022665	6,730952945
1,206656557	4,242932408
1,379217194	4,356061183
5,041800086	2,200389435
4,644049046	7,531776225
5,827193379	3,320454669
5,168285333	6,705963306
5,079131632	-1,421569794
4,517436835	-0,833513395
6,108505205	5,9808936
5,312717759	2,832189496
1,348645922	3,778311091
4,260270394	3,287092507
4,487274028	-1,315529402
4,11014636	-0,803764284
5,82326601	6,351404329
4,325615751	3,662179594
0,094486202	3,83429156
4,472233911	2,448578922
4,265508258	0,074756044
-0,645040387	-0,312473046
-0,890934708	-0,116508887
0,751347794	4,125326993
5,906425449	6,221118648
-0,524664283	-0,78150803
-0,888402656	-0,113281046
1,113764957	5,219474871
4,494711263	2,78480555
4,074189367	-0,478295573
5,332236973	2,653647377
-0,393737408	0,2139619
4,408999583	-0,984294067
-0,492195669	0,610092866
4,368393852	4,070177355
0,848432507	4,435046239
4,231490252	2,883798029
-0,519560027	0,811262003
4,526246494	2,171517125
-1,563247437	0,223375942
-0,177131446	4,016383427
5,624902473	3,691215416
4,179552245	-1,240307287
-1,537654238	-0,489096363
4,192473159	-0,729625932
1,567518032	4,872453628
2,258921181	4,341949454
4,272525144	0,011624861
4,642944364	3,443247788
4,857182731	2,067347752
1,169421445	4,026429311
1,15292769	4,592026384
5,572672618	6,057065617
1,180614287	4,395785169
0,868634954	4,622558751
0,341463749	4,229697682
0,376710884	3,333918411
2,225887001	3,492282576
1,295743886	4,987502834
-1,517007726	0,326365766
-2,153865416	0,256457239
1,269044397	4,640776722
4,00135971	4,131433031
-1,228822057	-0,450616516
0,81361129	4,678926684
5,420146278	7,540915364
2,018080376	4,049928014
-1,007553861	-0,137686222
0,776814996	4,977332437
-1,608262798	0,461532072
5,243421804	-1,739204262
4,698689297	-0,997897489
4,727639065	6,170749118
1,280822636	4,773625748
1,649691848	4,141129054
-1,443061171	0,258627357
-0,853818311	-0,219362682
-0,54602027	0,162195619
-1,297689329	0,224233705
1,101233719	4,192474066
5,403056837	6,703061984
-0,14598354	-0,262373873
0,527438217	3,95235932
4,172182458	-1,543482922
4,140451214	3,650028128
5,736643388	5,708541408
1,192883904	3,962395829
4,631638933	6,270192493
5,805008492	3,207790471
1,232613522	3,899619814
-1,726654622	-0,664201158
0,893977265	3,743708933
5,49114243	-0,383123561
5,889923071	3,282628786
5,679642765	-1,171731723
4,731619013	5,747771035
4,757460502	-1,167543793
1,138911467	3,929046653
-1,103993238	0,390830289
4,457434476	0,178877889
4,811047829	-1,631843799
4,245081358	2,486350149
-2,251805937	0,406210931
2,115335748	3,839015361
0,686359022	4,072325226
3,810724168	-0,092218953
5,736342903	2,975903803
0,715667614	5,153298642
-2,150902214	-0,151481668
5,709174793	6,332329913
5,257018191	-0,852266913
4,79202873	3,359259704
-1,17E+00	0,56198195
-1,2839893	0,739336055
-0,817190619	-0,937110613
-1,490162058	-1,117111765
4,671679056	7,327534209
4,996462388	3,415989193
1,343758117	4,043541187
5,435489018	-1,343098193
5,63803201	3,872398925
1,607472687	5,077302763
1,136985251	4,428782833
4,655602099	-0,518519815
5,994601836	6,164987165
5,690709043	3,075895124
0,903095001	4,582376873
3,706061155	-1,115365926
5,497022332	-1,23876495
1,17123175	4,448416383
5,769054901	6,877474458
3,897281709	3,097241598
5,561514214	5,927439312
-0,405356923	-0,759079975
3,914130984	-0,144289954
5,509493671	6,566786899
0,913476989	3,904909531
4,569035023	2,979634042
5,316588395	6,282146676
4,470893677	6,633774481
-0,871297511	0,433696284
5,538646799	2,682717777
-1,250396269	-0,822622509
4,872819201	6,876667245
4,869827922	-0,993638113
5,432444726	5,884127455
-0,549210175	-0,659443272
1,693036043	3,944830128
-1,567390213	-0,364913339
1,230235122	4,422448969
1,815670489	4,260265622
-0,840670679	-0,809667311
4,254812952	6,229601542
0,371467794	4,438789769
5,512315638	4,226099634
-0,002039622	0,216010114
6,17589131	7,144244905
-1,033307474	-0,416177386
4,969483191	3,197245638
4,513411293	-1,619051344
5,643825658	3,568655749
1,789268865	4,072180799
5,620785427	7,104824037
4,644364672	-0,522029095
5,094745675	-0,460816419
1,564924974	3,7988413
4,839473698	2,101951882
5,747373984	6,509297998
4,016629925	3,027102685
4,765761621	2,772795897
5,590878461	-0,478294501
4,988788665	6,906963998
3,697730142	3,829562224
4,922190965	6,786850152
-0,341276684	0,72291105
4,926367344	6,406282249
1,54154081	4,124567916
4,846450294	-1,945143633
5,132262492	-0,827731647
0,336807047	4,179838075
5,820667397	3,765261283
4,908872586	2,120705392
6,292127346	6,172730775
0,793895478	4,48572754
4,160326354	1,999683909
5,386208379	-0,207143597
1,127405443	4,447409321
5,892767785	6,237445607
5,115921365	2,28105824
4,827716394	3,733934234
5,253806837	3,071166051
0,888474292	5,022110855
0,756865962	4,876333082
0,395778069	4,413163824
3,831558314	-0,985246026
-0,305848425	0,788900182
5,784440365	3,06539536
0,116336806	4,887783754
4,93762589	-1,863217221
4,505693098	3,839713993
4,172199221	-2,161014172
5,064321825	-0,521592904
5,381349003	2,928006315
4,559194893	-1,437781377
5,006228359	6,126520999
5,86217368	7,048539954
0,729507807	4,913045553
4,854903572	2,5997462
-1,067368675	0,792121968
5,410049049	2,157875607
5,074490374	3,209894392
-0,802624431	0,547543042
4,66487649	-0,96667274
5,5613417	7,180076662
5,587523554	5,730731249
1,106158364	5,259722682
4,954896922	-1,108065091
-1,115233225	-1,142715342
5,248760262	-1,381977286
5,949130855	3,590838893
0,082394764	4,083833596
5,401943454	6,789581942
4,793200682	3,293251412
6,784266831	6,866270667
4,854882447	6,056237245
0,479246962	4,799646201
5,250124425	3,107838676
0,429594351	3,85909214
4,490269992	2,251703067
0,808222702	3,669690391
-1,071878402	0,261911188
5,159968726	0,28439247
5,225645163	-0,397365724
1,756944003	3,552269156
-0,868179623	-0,091324727
4,994826074	6,191144886
-0,776877488	-0,511508787
2,009440343	4,412108405
6,029762694	6,582631817
0,578721086	5,101732761
5,105948544	-0,777942996
4,267771959	-0,329280896
5,150891005	2,679702242
1,645872881	5,257517236
1,342809959	3,577946383
-1,329265524	0,146066642
5,536106581	2,383524204
4,250530845	3,548609133
3,482245268	-1,049366632
4,058666108	-1,154341863
4,820850298	6,566816438
-0,48079956	0,163775358
0,873914957	4,052688667
-1,806822091	0,460106783
4,770403849	-1,328181124
1,200347136	3,793789909
4,548347938	6,023064906
5,576016655	-1,321505703
4,756435446	2,554046244
5,669960276	2,203660867
3,912750171	-0,907294585
4,442643082	-0,979123906
0,628190347	4,048984848
1,038876995	5,067591858
4,555818367	3,017683421
4,057678878	3,054083474
5,178516528	1,961454514
4,058038084	-0,701595555
3,880699969	-1,131477579
1,322813535	3,597726436
1,153900762	4,768791779
5,611570438	5,78706522
5,095310131	6,604048828
5,006409205	7,016546353
-0,396949818	0,213780007
5,40811808	2,950116071
5,045467692	-0,285861558
5,524027389	6,553084426
6,295536351	6,712057264
4,218281396	3,215202402
1,199482123	4,028528808
6,071561024	6,643353843
0,791015722	3,993419928
1,059190182	4,503583802
5,093538348	6,070681796
0,457634324	4,330245514
3,763306654	-1,119295122
3,925093327	-0,2176271
5,763202459	6,941373853
5,499184218	6,193720345
0,568515037	3,729772014
-0,937309907	-0,413576901
-2,066381089	-0,009562689
4,69634119	6,982317176
4,836753706	2,783598399
4,95557355	4,12910794
-0,058277834	4,148323716
1,555548736	4,443597587
0,989699539	3,86522127
-1,101515551	-0,247300509
3,851211033	-1,384934136
5,191316801	3,384640114
1,305915232	3,837211097
1,747398974	3,36889486
6,366737256	6,479406316
4,060092394	-0,700973199
5,395423679	7,150755514
-1,257046193	-0,111139333
4,088673231	3,74232372
2,033226729	4,18439355
4,090186368	3,48960624
4,706913597	6,689296672
0,137619659	4,561067791
6,02407578	2,332246477
2,392560735	4,5361687
-0,574221695	0,252120223
5,126567848	2,979964097
-1,104788	0,353354637
4,536956246	-1,953252385
5,030602714	2,114940943
4,004387087	-0,186829265
5,361316861	6,650854295
-0,781102888	0,35216808
3,991286348	-1,320747447
-1,186992419	-0,529824095
0,698560109	4,54230268
4,614072146	3,192109451
4,260289624	6,067117979
-2,024370867	0,160551239
3,759220271	-0,555250835
6,672214646	6,634439548
-0,827856739	0,49985152
5,884627811	-0,750548226
6,17017272	6,901599873
-1,617973964	-0,395294666
-0,996204467	-0,305520405
4,126103941	2,919144069
1,729078944	3,769040416
-1,003360312	0,203954989
4,148186226	-0,688581245
1,103162999	4,363288006
4,600092987	-0,895544878
1,631100281	4,708153807
-0,523642306	-1,119872246
4,990904387	6,169776915
5,187867957	-0,411029207
4,428815871	3,06423031
5,057411763	3,140902268
1,6165168	3,989165648
5,04325966	2,326524343
4,49557681	-0,30119588
0,055885843	-0,259134229
6,157329098	6,762661312
4,959288508	2,521860795
0,736591757	4,372572846
-0,350863486	0,024732842
5,361474415	6,595734412
4,884071431	6,992340887
1,474805907	4,297581418
5,322153383	-0,502893228
1,337191504	4,578734917
-1,503094216	0,099665013
5,4964761	2,301944702
5,785148082	5,657392359
5,504499944	6,628052415
1,483673856	4,517798348
4,890481515	-1,202033841
-0,577809894	0,662289956
2,117480269	4,059029621
-0,752090202	0,584724045
-1,386176147	-0,562176947
-0,216702539	-0,271885997
-0,797643033	0,305491933
5,426458072	6,44371395
-1,548859811	0,519438202
-1,150165663	0,020024748
-1,715121022	-0,256203003
0,711253292	5,084276116
4,830618958	3,796361502
5,09105725	3,352685525
5,158154063	7,208301678
5,027299819	-0,642212273
1,145117877	4,651400536
4,473829772	-0,606677207
0,145297729	-0,41925345
1,159873074	4,39787776
-1,092396131	-0,077591295
4,683700731	0,204953838
5,164795758	6,861695777
5,042136573	6,043148061
5,134940375	2,496699574
4,285577592	-0,257014119
1,037884871	4,405252625
0,631439672	4,776453605
5,930705908	3,094256942
-0,794708753	-0,916205523
4,149219057	-1,234951104
-2,079880211	0,300873576
-0,901009699	0,319066546
4,888413888	-1,615159383
0,988937362	3,928068346
5,586834904	7,222688512
-0,367677138	-0,443339541
4,65033294	2,471807337
4,754037992	-1,136981655
0,656191539	4,683594401
5,50970929	7,152027285
-0,972707757	-0,311893564
5,56471172	6,429455888
4,711886754	2,520217848
5,753561706	-1,281293083
-2,054036232	0,174123929
-1,159182533	-0,515024754
-0,041613556	0,034283582
5,043136073	3,403116532
4,982633434	4,131494467
1,240122737	4,499751245
5,255426298	6,941644459
5,491886821	2,854444775
5,302282667	2,619568189
3,85845348	0,04385326
4,740296169	7,589253949
4,852026608	6,829728486
1,264116181	3,916881103
5,06821245	6,596294935
-2,236871164	-0,980952025
5,142518094	6,278607991
4,593345382	-1,16357633
-0,475521313	-0,228211411
6,683969387	6,211341812
1,274641675	3,681642528
-0,794753434	0,654544233
5,234666422	-0,38984698
4,926733937	-0,892834644
3,957732724	-1,642879091
5,235845073	6,640488006
3,768690511	-0,273592986
-0,77219133	0,245226294
0,412614281	4,755577334
4,504171212	0,245382463
4,195497254	7,041309014
5,994167251	5,809048014
4,71016069	3,857574235
-1,439093924	-0,317863051
1,192656697	5,083038754
-0,967593818	-0,677439378
5,679150951	6,690721338
-2,339935385	-0,048413526
5,369340824	6,901669556
-1,085251707	0,457150732
4,668784773	-1,725756943
5,53474171	3,551873589
4,903441863	3,272587685
-0,894940603	-0,251765962
4,874253022	-0,797370877
5,083447276	-0,939446029
5,292370969	6,720275144
3,913536413	-1,615336064
5,095940066	3,084170331
6,559236481	6,956416361
-0,866933145	-0,044675256
1,759244714	4,855010408
4,028795581	2,940121361
4,317844434	2,807590206
0,040021495	-0,434983256
6,121355712	6,85036891
1,658498292	5,130668314
0,189578026	4,072717687
-1,432282124	0,803306608
-2,3176528	0,347224948
5,33955933	6,024678065
-1,117140934	0,071721774
-0,870511305	0,076560853
4,207838326	0,191383671
0,270022542	4,470451469
4,927919679	-0,895866564
0,820560698	3,566978439
-1,865431863	0,607830868
5,255222267	2,424644471
4,650079554	-1,114269897
-0,103009899	-0,136830939
3,554451072	-0,122000187
4,914404336	7,064402471
6,299173085	7,047132802
5,221698925	7,18335889
-1,49308658	-0,324340606
4,687502961	6,543218683
5,829194637	5,988456897
4,900393885	3,669107408
5,916927826	6,372523495
-0,499161352	-0,867224996
0,578115866	4,917293475
4,021610295	-1,513741944
3,813669322	-1,068494273
-0,077981107	0,784514429
1,261975278	3,981142465
4,097871435	3,130969849
5,411918461	6,702318343
-1,7875028	-0,151053363
5,364209411	6,077223913
0,977053654	4,130678777
5,075541233	-1,170180923
3,933949884	3,929261131
5,486170424	3,062901073
6,415420981	6,68472402
6,634426261	7,111349639
-1,863012936	0,628169868
-0,969711872	0,326541501
-0,462433698	-0,276398574
5,396973535	5,902336785
1,168799897	4,586138474
4,797985529	6,006245409
1,516394596	3,754444061
0,28694196	4,269566456
0,157799346	4,588222144
1,396420251	4,704993197
-1,101471751	-0,748255077
5,235420366	-0,022817033
5,420397283	3,109223878
4,867409862	3,690512365
-0,503477615	0,132939835
-1,971993128	0,104224743
4,375098139	4,125435286
-1,398879495	0,913306303
6,028171661	6,004017593
4,645343493	6,866138074
-2,021038853	-0,386479227
-1,184854617	0,908203248
4,660992932	2,8187921
5,848435178	7,0899431
2,137566593	4,802920585
6,062530837	6,367406424
-1,534998542	-1,170384701
5,913916149	6,511056884
4,890391056	-0,985009923
6,259479546	6,551965995
5,848018051	-0,718136904
5,572217898	-1,485924116
4,043683124	4,338487977
-0,658384666	-0,122540428
5,516247801	7,214449488
5,785548454	3,518265531
4,692959822	-0,766383045
-0,950789615	1,00898577
-0,915640973	-0,74950351
4,623158699	3,892047583
1,808066006	4,148823459
1,428219363	3,976940263
-1,77676865	0,500250658
-1,415742107	-0,223971245
-1,55551669	-0,070854102
5,615979143	6,361378824
4,904390337	2,509908279
-0,139738972	-0,701997274
5,116007502	6,082396936
0,677300927	4,321136832
5,474761828	6,184104884
5,272593846	2,26924988
5,425516294	6,257185453
1,642282614	4,251245927
-0,173487508	4,477036194
-0,375209522	0,174709517
4,280819767	1,90113942
4,165635022	3,505747423
5,302334837	-1,261507692
4,47436296	2,232525504
4,292367826	2,275033953
5,098972765	0,17235114
5,222460374	3,158060944
4,003765975	-1,735134349
1,402461265	4,170237123
0,186622541	-0,482321487
0,649445301	4,648817658
-0,712513268	0,807069812
-0,374594526	0,096753954
5,577995339	6,138056375
4,11260841	-1,343575174
5,400087321	6,88858201
-0,992093621	0,57349774
4,737929653	6,928778837
1,553464003	3,955335784
0,016953952	4,069540987
0,644990616	4,493121777
3,875222361	-1,623705189
4,374034839	6,124362809
1,01879928	3,99380938
-0,417690858	0,282875022
1,871226643	4,557810777
4,761864741	5,97921803
-0,422350602	-0,683855853
4,73692421	6,539834136
-0,275204294	0,347431794
5,225255794	3,316370323
5,131439055	3,559494307
4,694894826	-0,406879421
4,671830716	7,246172721
4,199935462	3,642681686
-1,385072656	-0,925895649
1,815241377	4,162324212
5,093661082	-1,141061838
-0,686692028	-0,27300075
-1,131358643	0,694921463
1,139410026	3,921183488
6,17925987	2,527799516
4,246488967	6,870407576
5,539326444	7,278348051
5,387520049	6,523817909
4,906170457	3,712985319
0,259522469	4,403787874
0,998807986	3,354098457
4,670145803	3,300237615
4,161995592	-1,524702161
4,626919503	7,035388978
4,756642068	3,762956337
0,713287205	3,687490892
5,248767736	6,653544215
5,201683744	2,845089376
4,214800166	6,821876242
4,689248646	2,637117721
-1,817408898	-1,097913153
3,677723719	-0,328731747
4,715621955	-1,446897657
4,306982547	-0,928635051
-0,332458894	0,397524286
4,605206262	-0,580483948
4,359826907	-0,310952763
4,022325603	-1,653176581
5,328617911	3,66201804
4,197066579	6,732151394
5,233132214	5,563623522
0,330432023	3,9671943
-0,166425384	-0,543739023
1,345454153	4,245330839
1,271056554	4,456863504
1,885425111	4,229204044
-1,459708823	-0,22112485
0,728684752	3,293342778
4,234164789	7,253815728
5,356823413	6,288900888
5,59589004	6,668447299
-0,642289212	1,026201319
1,859901918	4,519985256
5,946666143	3,669195051
0,05746333	-0,420581254
5,348579972	0,066303655
1,919274959	3,636861893
5,250068447	-0,435502199
3,93111285	-1,901521389
0,301233884	4,066935572
5,737853397	-0,614674271
1,153343528	4,53816314
-0,796163086	0,468987047
5,687026847	3,051963832
-0,544892087	-0,265710303
-0,364220961	0,810236755
5,156873004	6,95019929
1,045011389	4,38332787
5,645901289	-1,855006815
5,156634194	-0,169839023
5,553645213	-1,874606198
-1,822173074	-0,292600415
1,052473832	3,578909202
4,860641328	7,595657254
-1,419362599	-0,43298194
6,523951256	7,543700336
1,82854744	4,203935751
5,269138709	-1,382531242
4,694719364	2,545554863
-0,847747836	-0,382666367
1,289023494	4,210651471
5,630009727	-0,382884609
4,652168312	2,489825704
4,974854674	2,954137625
0,740871177	3,884715404
5,586050565	6,076854714
5,267380953	-1,363090427
4,965136654	6,704022092
3,857651312	-0,846928781
4,186933729	3,004111983
4,942507411	3,190676358
6,296669944	6,14932799
5,875666001	5,895485329
-1,076461528	0,628248366
-0,941892475	-0,056645024
-0,048341346	-0,276962316
-0,371365066	-0,277955267
0,813177586	5,008219988
4,790663277	3,919472102
4,486199937	6,188811605
6,159427864	5,323226698
5,785263351	-1,866930984
5,360642757	7,46579018
-1,066407162	-0,248330764
6,292625923	5,822702034
4,892071535	-1,46124057
5,00739233	-0,46276866
5,673146809	-0,763675803
4,529026588	-0,073498627
-1,109414183	0,491167825
1,112321037	4,145238616
5,249484779	5,950572888
4,636133069	6,773700908
6,058412162	2,287068671
5,974151769	7,447752609
5,214473404	6,8380839
4,639224407	5,822524881
4,355519386	-0,805526053
5,436698666	6,420759656
4,070146037	2,410786862
-0,271967113	-0,849437303
2,290076272	4,979613227
0,55344178	3,89357768
-0,814325785	-0,829522432
5,063091343	-0,569204024
5,455474714	3,993817959
4,856283452	6,609204913
-1,536578586	-0,383514052
4,490085145	2,907208374
5,720474042	2,759876641
5,22371508	2,29047653
3,751795907	3,356608712
4,972466	3,582703298
1,378937084	3,993424823
4,742280962	6,999698012
-1,973608097	0,438347749
-0,661556878	0,795160462
5,189238555	3,079209138
1,061241698	4,497975469
3,675084259	-0,187224336
6,177869801	3,397504115
5,533913867	6,964901196
0,545977439	4,737352837
5,612018487	6,319690985
-1,640237309	-0,863569973
5,409951552	-0,20330102
5,043405369	-0,740663007
5,376814146	0,183131953
-0,375189474	-0,19826474
1,216745122	4,788206522
5,035653206	2,998468936
0,25166232	4,745228376
4,846841141	5,995526802
-1,557699835	-0,042237123
5,653965543	7,046305749
4,078617415	-1,227438419
5,080900457	7,002677373
0,761133439	4,531652539
-0,237098337	0,247668799
1,233349231	3,822702281
6,613949807	6,984767624
5,602488083	2,604212118
6,111114361	7,325000607
1,710511885	3,939625496
-0,785013141	0,844658879
6,117150232	7,574124917
4,309086774	-0,119522232
-1,205622174	-0,396162462
-1,212701156	-0,617664616
4,824672591	7,223390659
4,942614637	3,257355028
1,710112649	3,874533957
4,020144631	6,636992016
0,679299251	3,326509201
5,601996208	-0,824134195
4,069221011	2,356863887
5,675302298	3,720849399
1,561357844	3,828844603
4,995606047	6,773342403
-0,179815995	-0,248432514
3,923146349	-0,067411646
0,535187311	4,475462329
5,567419899	5,959013697
-0,638901884	-0,033410446
5,044180961	6,848174635
-0,212587106	-0,155409787
-1,103398436	0,997523072
0,749532099	4,570708867
1,626329886	4,446905843
5,019931694	3,16535533
4,611132172	2,855674644
4,136764547	3,794164114
4,743568382	0,291542144
5,05510961	2,294022466
4,635697588	3,115406594
5,086858326	7,527485597
5,155497771	2,814572619
1,54637072	4,43384363
5,513049884	6,496689228
1,209660603	3,879634719
-1,482826725	0,422208375
4,898960607	5,46602525
0,908918729	3,864227898
4,576365676	6,686232225
5,870276529	-0,271052881
5,807270429	-1,692029132
5,011375736	6,304953491
5,653956236	6,52778935
6,398572998	7,146289947
-0,71776679	0,589932615
5,287051397	-1,411592614
3,910786028	3,212559238
4,315074415	6,629609144
1,457599986	4,358412769
2,195045359	4,448483805
3,989623078	-1,880578104
3,490050264	0,343759518
-0,082566719	-0,538979757
-0,093940847	0,58209369
1,058399513	3,869303849
4,901934008	3,717818873
-1,607769256	-0,550529474
4,983624073	-0,97576341
5,61125027	6,512407175
5,085073868	6,639146335
-1,553707659	0,050484519
1,16731357	4,105236852
5,573564992	6,286331573
4,638656826	3,293942313
4,87052709	2,677826828
4,553499225	2,15975987
-0,908352964	0,248277427
4,234670259	-0,355383657
-0,518195009	0,297876644
2,277806454	3,500773226
5,736435802	-0,956944162
-0,073584894	-0,444390428
1,260251992	4,789003382
4,443458333	-0,462575863
-0,898023685	0,459130416
4,335953135	3,161760564
3,618957983	-0,426938169
4,344326766	-1,029759831
6,495260834	6,635066501
0,19833083	4,480963128
3,910688485	0,255271122
0,082621278	4,212725576
-1,064742254	-0,648268421
4,055110412	-0,846026715
4,862698991	3,035448987
1,385807635	4,271599461
4,547035338	-0,970728008
4,913794726	-0,656966959
4,524939774	-1,135457029
0,261553046	4,822115357
3,892275162	3,064982149
-1,215226002	-0,131300165
4,135229221	-0,779876815
5,140691239	2,48091054
4,332525136	-1,026700542
0,250016126	5,060224586
6,094580549	7,208422521
-1,085262861	0,177606159
2,14946012	4,660630203
1,497360518	5,333842713
-2,15041568	-0,21845956
5,538250078	5,910954501
1,570179921	4,435250528
0,805590139	3,972658392
0,814075608	4,643781668
-1,716084969	-0,008509858
5,952014818	3,48539093
4,564011276	6,297676928
4,241354875	3,068690113
5,637039675	3,561803343
-1,993629087	0,68209303
5,003390841	5,564482336
-0,092196002	3,564073845
-0,246522111	-0,46459964
-1,438227779	-0,577418674
4,21748548	3,160885151
0,773479872	4,674034557
1,079165665	3,79101422
3,812038212	-1,025332736
1,676203958	4,804097264
6,856569467	6,755971602
4,57319894	6,833703723
-1,636071562	0,483331304
-0,698317716	0,134116914
4,672677343	3,287019572
4,185553564	-0,652071627
4,492674523	3,49187916
-1,993043575	-0,407443617
4,058388944	2,913312157
4,225919235	-0,801887354
3,838932487	-0,603233509
-1,010964071	0,893940185
1,665945693	5,0386732
-1,081621362	-0,609923739
0,871570879	3,966886819
5,14207749	5,595926624
-1,240030156	-0,284077088
0,807815497	3,910605041
4,280908721	3,594115819
-0,278908624	-0,185362588
-0,092982544	-0,261894693
6,671496244	6,554531969
-2,2374309	-0,065632696
0,212949634	3,98832697
1,012383925	3,776777071
4,519030463	3,011722798
-0,367132759	0,855725991
-1,143350937	0,504309777
5,229199375	-1,157634922
1,167846514	4,328824926
4,792351288	5,57090739
0,5118875	4,165485244
4,784830873	-1,149774893
4,219829414	-0,691776849
4,397790055	3,48707505
0,504446889	3,870793614
3,564609042	2,551318714
5,024683264	3,422548934
1,467291739	4,572186702
4,004101575	3,874375326
4,202491426	2,289349357
4,179752106	-1,130293447
-1,400451434	-1,034395459
1,076886475	4,904511081
1,030054786	5,202593871
-1,451661594	0,16757905
4,557620642	0,413769258
4,716245266	6,430886191
-0,310140275	-0,502955675
4,553050943	1,816351
5,298314796	0,077601222
-0,071451125	0,566636145
-0,81701098	-0,67495067
4,412610285	-0,576198317
-0,72153906	-0,875548455
4,659352173	6,063602941
5,476187091	7,400944194
5,559963897	-0,329928052
-1,053335714	0,040043553
6,322833824	6,37320139
5,835135421	3,193711618
4,933491432	0,372295221
0,362784433	4,764470602
5,50607259	3,928926181
5,377140067	3,525609976
3,829527861	2,536015998
4,247270086	5,998450226
5,397443952	5,894134206
5,784055971	-0,33402943
5,944963007	7,087993527
5,825444001	6,60236519
-0,57329415	-0,521064947
-1,665948697	-0,697614458
5,780754674	6,728437442
-0,82080644	0,01515255
3,493333422	-1,800746518
0,841212236	4,968423544
5,766159203	2,945470646
5,754639588	5,424439003
5,153261618	2,70574949
-2,344752892	0,289087483
5,036488611	2,922713537
6,834311629	6,035300038
4,334578743	-0,015081774
1,206451202	4,09232211
-0,695657	-0,962776318
5,289856326	-1,554835206
4,550578426	3,224703034
3,80965166	-0,59363641
4,986676537	-1,170203603
4,845832523	3,529469765
4,485223096	2,791234874
4,661385818	3,13644736
5,26204006	3,423602892
4,452750733	4,201758315
-1,040209541	0,699747765
4,752897696	6,200974366
-1,335444552	-0,157865731
4,092908084	3,444966755
4,089045101	6,778537912
0,13361029	4,324358439
4,817812382	-1,151098404
1,911186308	5,082539163
5,30207668	3,572144211
4,597985121	3,308683116
4,729966344	3,333869506
-1,134289962	-0,29487354
5,422074294	3,573621647
4,631533097	0,081589419
4,674072567	-1,494838276
0,616818811	3,980095373
6,561881355	6,247810241
1,288700171	4,646849583
4,677683915	-0,639874321
3,986571569	3,598690728
5,66275055	6,686897006
5,239237134	-1,158477169
4,723953272	2,365068166
0,421631594	4,490147989
4,761265401	6,609241076
4,16882322	-1,061637791
5,96190673	6,389415041
0,124571277	3,828255606
4,364649229	6,50383992
-1,519646054	-0,266683533
5,746185957	6,082013184
5,423063989	6,533038612
1,223846141	4,296957704
4,103528097	-0,73389367
-0,528499737	-0,13911025
5,057121304	7,17318689
6,119245575	2,553180847
4,166072504	2,45887044
0,222534158	3,876008935
0,698924614	4,126362761
4,485821617	-1,091673903
6,191798985	6,390206242
1,201336895	3,756383101
4,355996209	-1,912344804
0,794470917	3,765386495
-1,339997527	-0,510849577
5,463153629	2,753599312
5,818694077	3,153872295
4,407047684	7,322919206
5,491551684	2,807787602
5,888516784	6,268314995
4,334079973	-1,118050334
-0,899478488	0,19598337
3,771806038	-0,269543418
4,608348664	2,554264085
4,756189245	-0,235692783
5,826054764	6,720846296
1,290426209	3,977040257
1,800964047	4,450065513
5,084466922	2,799279152
5,720680178	-1,234454257
4,445536851	2,304268142
4,51420826	7,634714681
-0,412234303	0,451251245
-0,29478478	0,543651648
4,680100292	5,8577022
0,55085533	3,689191572
5,368256496	3,984929375
4,804175114	-1,01480931
4,118032198	-1,09617003
5,080068405	-1,517781276
-1,226388202	-0,231233877
-1,403726844	0,818174078
4,866604221	3,466665749
0,857296397	4,713222892
1,066498295	3,7944867
-0,123294107	0,349915015
4,895007814	-1,945351339
4,823610355	-0,79543602
-1,284759225	0,638607707
0,211896444	4,313418989
4,193521089	7,150314952
5,204302991	6,333920845
-1,540763252	-0,200957536
5,181919153	2,993657999
5,348990587	5,809590372
1,625309377	4,086792486
-2,343338119	-0,674834277
1,443445215	3,974041628
5,26598212	-1,936040531
5,76550846	5,682519017
5,681714817	6,603162672
1,776360302	4,355284164
5,258779244	-1,098920479
-0,868382418	-0,08542433
-0,902663575	0,158623169
4,578375703	2,381838769
4,358646381	-0,228824365
-1,51296058	-0,354989129
4,791455034	-0,641062791
-0,958555282	-0,672804107
4,874983532	-0,905744966
-1,4512537	-0,574309544
5,298119926	1,970906865
0,89231443	4,543315475
3,668594327	3,511678139
4,724577476	6,274603246
1,381346527	4,544124848
4,732243933	3,080352956
4,504602002	3,443866875
5,074928505	2,03632001
1,08721507	4,348665602
4,782241059	5,866792089
4,712564969	-0,203567454
5,327070032	-1,582592154
0,328661273	4,231562163
6,342239452	6,155310051
4,197029777	2,046099008
5,182675399	2,587400258
1,297814642	4,286809821
4,210434169	-0,35975209
4,653011675	1,84601324
5,198781159	6,031536887
-1,615793137	0,3694966
5,323045701	-0,719705467
-1,671175687	0,366660843
5,326422673	6,161881861
5,367855248	5,919578126
4,950910343	3,922757993
4,803150772	0,079887408
4,662381221	2,763406122
4,095210136	-0,734524754
4,663723351	6,419936346
4,050788349	0,118643414
0,267947681	4,924302863
-1,300454879	0,442989832
-0,711781706	0,211054031
4,659306461	-1,276448052
6,227170034	6,79067678
0,80560635	3,682475987
5,735500247	-0,1345292
0,670919145	4,679042872
4,574430654	0,079205516
4,939731987	0,098427059
4,980004419	3,673834448
-0,512555301	0,797969094
4,359534631	-1,308534768
3,848595371	-0,510252911
5,098418802	2,530726518
-1,159516629	0,468750898
0,822881875	3,944693087
0,36800572	4,494116712
3,873817813	2,191712051
4,248639847	2,665342419
5,323554569	-1,586986405
5,164707612	2,472322036
4,213526875	2,608974826
-0,373966157	-0,955784631
4,819851136	2,700250872
5,172573783	-1,634467929
5,238327617	0,010215047
-1,649392232	-0,8428383
5,24782604	6,928080701
1,646158793	3,786970563
0,602031823	3,981394268
4,48487955	6,844386492
-0,279149931	0,424838111
5,886607827	6,684560993
6,626190603	7,074751449
1,699121626	5,35902291
-1,926643024	-0,014412813
5,737410576	2,76686129
-1,460824766	-0,097340856
4,837201035	-1,836425478
5,699308606	2,739511257
0,848735891	4,210519382
-0,033855659	-0,714453521
0,927271709	4,230321411
-1,409351454	-0,534267749
-0,920554416	-1,279148817
-0,457329764	-0,441088546
3,45383601	-0,834558028
1,228210849	4,14413294
-1,516930011	-0,286223767
1,650701092	3,746374569
0,862912572	4,06688734
4,312449683	-1,29536802
-0,505471396	-0,908014196
-1,134179561	-0,487430076
4,023180243	2,839438229
-0,022963022	5,177256574
-0,50865019	-0,619356701
4,770291164	1,99825582
4,475375015	6,032830652
0,381569188	4,517716399
0,674332764	4,28080324
-0,952575255	-0,131826139
1,803861046	3,530280982
-0,856860637	-0,103914915
5,107617321	6,608322359
4,507851954	6,22589244
0,522311101	4,480273021
4,810321127	2,07093765
4,983340665	-0,006673611
0,792071727	4,155263749
5,596832998	5,859516117
4,657984822	2,224030648
4,496935317	-0,111954522
3,717582604	2,488369665
5,376123583	-0,729706552
-1,222022284	0,097156332
6,036557043	6,992915048
-1,631895589	-0,011107306
1,543230556	4,596749981
6,862415674	6,345990769
4,649369766	5,942178812
6,284734806	2,789602547
4,912635165	-0,389259568
-0,137826789	4,367655808
-0,742604218	-0,369878075
4,50104452	2,619452888
4,229597815	2,642808276
0,890021689	4,857086249
5,416298537	3,26456191
5,792709881	5,887379675
5,034446151	6,972962465
-1,823244116	-0,44999157
-0,220580164	0,858859632
5,427791219	6,122797154
4,1658053	-1,069329631
5,644997153	3,110610787
5,336110193	0,30554024
4,693720425	6,644128432
4,153918556	-2,023224196
4,239064742	3,318108482
4,083957203	5,36568817
3,824740929	2,099433882
6,080858513	7,123449767
1,063188187	4,240925827
5,873966206	5,900017803
1,766329732	4,469824694
4,398380777	6,921325036
5,118673595	-1,175052166
5,389220735	7,215339686
-1,081904113	-0,976265641
0,223575832	4,293670248
4,684407722	3,093945398
3,862713595	4,295648364
4,906486079	2,986804797
4,836279146	3,126236045
4,188147245	6,68760915
0,833290761	4,896447926
4,931409597	3,361017431
5,487661874	6,178619531
5,52846157	6,315485668
5,998795253	6,247290258
4,317486491	2,601208339
5,859758597	3,640873679
-0,639018288	-0,809665217
0,072247581	4,253836951
-1,762798093	0,11168432
1,093575793	4,288570356
1,577723178	4,26218549
4,729001317	2,978209677
3,945774078	2,649197684
-1,350996391	-0,296965383
-1,206727073	-0,814073172
6,242803922	6,313430052
4,207246144	-0,316082471
4,086966007	-0,416142677
5,580906711	3,587772967
4,443346014	5,602229384
2,393953149	3,463670576
5,201241728	5,491663646
4,702173896	7,583270309
4,130973633	-0,837738732
5,004645474	-1,814820314
6,011591359	6,00E+00
5,567992725	6,850010299
4,965737435	-0,616359212
4,735645117	-1,921823268
1,208409481	5,253132122
4,760838035	-1,600489773
-0,865295868	0,285550129
5,679829086	3,655088704
4,927436925	6,060593564
5,844134698	6,415590196
1,450618637	3,428648128
5,866798948	6,624841091
-0,937047924	-0,600809182
5,010124737	3,439586572
-1,733283653	0,182901592
5,110673171	6,333892734
1,717589502	4,925792291
4,583062993	7,381041936
-0,539799871	0,917967495
4,582492282	-0,207108062
1,122799981	4,479768481
0,142616856	0,057982446
4,592223717	-1,428237699
5,011253942	2,956577131
5,788556542	-1,356212016
3,763348692	3,45001156
5,271332972	0,167112763
6,578821959	6,229325458
4,343082407	-0,397584052
-1,073353125	-0,746742628
-2,109322051	0,388526494
-1,955438266	0,878949553
3,979384297	-1,108235269
2,058347336	4,620519046
6,02216667	5,410959134
1,643541955	4,336099806
4,281944968	3,108349994
4,507904299	3,052677049
1,171276519	3,480345411
4,697991826	-1,342042131
3,924208249	3,168925531
1,369297613	4,714502785
5,357762801	6,450113464
3,692485287	-1,188508739
6,612511765	6,856062669
6,57387643	6,889133283
-0,833371386	-0,025829147
6,05808097	6,157548879
5,333644577	6,158336372
0,066877927	4,004296028
4,654665424	6,520002432
-1,024088455	-0,087558372
-1,3428173	-1,173663119
5,799372395	2,517458109
5,206867341	2,610755632
3,913898029	3,05966095
1,999168314	4,409898189
4,225207331	6,473368968
2,25648763	4,34508557
5,073817752	2,351188074
0,532919884	4,307413276
5,566552029	6,521986261
5,358432739	6,098154689
4,427591718	-0,577261246
1,60309349	3,685259019
4,094774703	6,781767729
4,629886296	0,549204022
4,025714097	2,08771405
4,315227079	2,725607478
-0,975478026	-0,425971292
6,13137154	6,663403641
-0,430168306	-0,221187426
5,120600788	-0,673870406
6,276178246	6,935681523
-1,025797206	-0,286309018
4,033466973	-1,136297848
1,513466525	4,768612305
5,153883807	-1,088377718
5,764384432	7,33110994
1,580088182	4,833507032
-1,301711268	0,042012057
-0,686928107	-0,268628839
0,02665708	-0,402545184
1,356820442	4,573338918
5,792950463	3,589362813
5,194815842	7,159025286
5,362514015	6,611172609
-1,204567811	-0,281857909
-1,188375633	0,010482179
1,049606753	3,915740213
4,803252513	3,89119051
4,941082144	-0,176842686
5,047575371	3,312221373
0,228531743	0,223045946
4,443673631	7,357983647
-2,074337382	-0,570774835
4,559648222	0,162927015
-0,262714549	0,367593329
6,280847052	5,75864292
5,215338619	-0,776111851
0,578933008	4,238495021
4,410629524	3,074713879
4,343489263	6,608938252
0,342370979	3,522210836
0,907347582	3,55957975
5,159529692	6,902268953
4,691280713	-0,866507578
4,048762132	-0,611214268
4,933195257	2,834183638
1,374987984	4,431600361
4,774992585	-0,245307965
1,076031611	4,14560064
6,193716918	5,215799434
4,543032053	-1,854575071
3,996650208	4,136534927
6,011413725	5,555728577
5,162995131	6,092097796
4,028312591	2,448526552
4,88147916	4,064293508
-1,012297187	0,264744313
4,88859992	7,29758496
6,021570928	6,443006754
1,132431451	3,782579648
6,383710579	6,868840091
6,054366659	6,29180909
1,188440639	4,702774363
1,545615703	4,593459035
4,259633385	3,304989758
5,722687656	-0,849624747
5,58824234	-0,594209789
-0,908369371	0,391033982
4,755968744	3,109988669
-0,496263403	0,990919933
5,053730933	-0,603333867
6,081253141	4,053377097
-1,506158324	0,749410448
-0,867131077	-0,133357517
4,750292321	1,932099251
-0,398304353	-0,151434466
1,69023503	4,783394988
5,38880057	5,578232957
0,388722538	5,030544551
0,747192948	3,595062138
6,01556421	7,371884305
5,053021033	6,244121683
5,183951052	2,072771986
0,441278517	4,607033477
4,576977795	3,640701637
5,212139127	5,793147611
5,228013319	7,089204961
3,825064444	-1,425873081
-1,14057599	-0,419580252
4,902933963	3,012521601
5,703297383	3,480526554
4,983374778	-0,798378672
5,041414536	-0,206642271
4,86030945	-0,596468965
5,44826151	6,060137814
-0,787407673	0,806661804
5,141008565	3,24970349
4,929736879	-0,756490452
-0,030723927	0,226536319
1,421161475	3,992553445
5,043152569	-0,688029165
4,785700088	7,567718982
4,217646967	2,917070556
4,048823758	3,793965026
6,01546158	5,799720744
0,064952382	4,520570777
4,372598592	2,436718709
5,139120216	6,136853846
5,129087434	2,494984441
0,218499696	5,267135679
0,604953849	4,808303217
0,162989163	-0,396862779
-0,93618948	-1,016621012
4,622487282	3,377724509
6,408708482	7,351891074
6,04033152	7,151201603
4,928480858	-0,12753638
4,336675073	5,990789422
4,790023369	-1,365657879
5,043274574	-1,024767649
5,738166473	6,956224961
5,789019768	-0,647034375
5,84382072	3,122133675
5,425039061	6,315403899
3,851307257	-0,858886173
4,842100498	6,3253967
-1,451131507	0,303240039
3,782974558	-0,334794224
6,297364315	7,096477997
0,029344247	0,517080659
0,811524251	4,428502712
6,18632214	2,589145275
1,404540597	3,621091246
0,96200868	3,781084663
3,655138182	3,238862994
1,023726006	4,594616062
1,368352213	3,89999959
1,196221625	4,175275065
4,796525356	1,817503881
4,501471686	7,013648086
4,701908049	3,519434284
5,394014851	6,722761827
3,841626979	-1,196894767
-1,929501922	-0,229296559
3,93793048	-1,855316185
4,498589834	-0,683438244
1,201256601	4,157177115
1,672029254	4,036209201
4,699456283	2,823160452
-0,864247956	0,939495029
5,071396895	6,450337114
-1,003933211	-0,094578287
5,340184585	6,367941372
1,87E+00	4,956227073
0,867774839	5,162736761
-0,048156034	4,348128463
0,129100668	4,308709674
5,993833044	2,977206503
5,675180574	-0,670878164
6,086322202	7,06316897
-0,047386533	3,686139789
-1,258643158	0,769361978
3,916554882	3,99821297
-0,830003725	0,547407874
4,81543532	3,238869085
5,274436635	4,239439759
5,4701304	6,366046032
5,00380443	6,10347897
-1,859406793	-0,36358737
6,029007356	3,242274426
4,530536654	-1,199148407
4,08400027	-1,019805898
0,323961993	3,701601938
5,492029719	6,383701402
4,846981132	5,616603542
-0,108661034	-0,480085035
-0,989023794	-0,166059549
5,27551478	-0,253491385
5,075710816	3,209321561
0,808834995	4,151771753
4,029834758	2,930223776
4,867514031	4,054073928
5,647592577	6,504817257
1,349094645	3,655965502
-0,999153882	-0,104328627
5,659829142	5,707620526
1,545944686	5,035986686
4,335534426	-0,176597196
0,110684345	4,707834629
4,070930927	2,366556833
1,120610967	4,560408274
5,334204083	6,54333677
1,298323115	4,790017393
0,478507838	4,523694796
0,451767375	4,113277652
-0,894467563	0,339000605
5,459109668	6,801666194
4,757661245	3,804052622
0,227431111	0,299028197
-0,237038503	0,36171244
5,312740084	6,381517837
5,415903248	-1,945771044
5,213644921	0,105658102
-0,892239107	0,022031803
0,816222773	5,032083335
5,852634893	-0,542811353
5,416820548	3,562161581
4,674628678	7,581784826
-1,344897962	-0,191263569
0,011909735	-0,717070624
4,33963389	2,816536665
0,509578183	4,52102923
1,142320845	5,037607612
5,611998142	6,83927069
6,427243666	6,418564454
6,009806485	7,455143195
4,93812439	2,967131794
4,106027533	2,522172711
6,542548561	6,268306499
0,010497901	-0,252114737
5,639925076	5,923048476
-1,704321948	1,185209927
1,361004153	3,916085242
-0,713343007	-0,068435952
4,647266963	3,078055851
5,019162664	7,314649124
5,464846957	6,550476367
-0,757457755	0,243031818
3,695280667	-1,376640461
5,772870789	2,459593311
-0,329390175	0,790455926
5,448142607	2,328950593
-0,963561759	0,517480122
4,301613475	1,824306579
2,023343404	5,187244135
6,041098485	7,04979689
-1,083815058	0,580678361
-1,16995059	-0,125926769
4,945860278	2,557663413
6,39171953	6,109918868
-0,102473751	-0,432823458
5,134737842	0,089040967
4,752725288	3,633176908
5,539560956	2,059126457
-1,505413491	0,722728803
-2,102902193	-0,483755492
4,989713916	5,406566115
5,012335834	-1,305364773
1,376354123	4,274021103
1,631572566	4,194179982
5,721617275	5,535409756
4,753360179	7,390325687
-0,184810222	-0,687045525
-1,496576018	0,024933251
-0,945737947	0,648034699
-1,874201217	-0,5802098
1,490179692	3,990002842
1,632842106	4,207812892
6,031684883	7,221687225
-1,197506624	0,767062488
0,308587901	4,198079932
4,411123123	2,60853489
0,984883962	3,952146261
6,376830273	7,041395237
4,495419761	3,558416016
5,428984383	-1,242737552
1,303376095	3,862230668
5,573861592	6,109769427
4,212688331	2,751058552
5,036543321	2,826235781
4,622505894	2,75857872
-0,120969235	5,133444509
0,272678911	4,307602939
-0,268590795	0,576097287
-0,241441687	-0,376945083
1,180740191	4,213779024
-0,967285352	0,520560281
4,865948676	2,987510446
5,235656854	-0,943751047
6,545593674	5,835494798
5,809580828	6,184991598
5,474538432	6,793653162
4,639501319	-1,523206033
1,291299242	4,84933006
1,543070767	5,0333802
-0,234143028	0,465126498
5,390361663	6,398086999
3,45166395	-0,555985625
3,953910056	-0,398340337
-1,913046261	0,479881711
-0,304175003	0,046367306
5,206293241	0,075226096
1,952841497	3,735613564
5,21092449	7,092226241
4,196254863	-1,155340027
4,065983574	4,135880383
5,328532096	6,184332176
5,493225104	2,760400408
5,716687294	-1,827056824
4,761030056	3,583644039
4,607146904	-0,088518765
1,078756087	3,86420125
4,338047477	-0,905520505
-0,074391246	0,492779378
5,061097528	-0,461476417
4,916996399	6,824443615
1,544955852	3,712570351
2,260242348	3,968119176
5,861312975	3,788264868
4,650228673	-0,220128063
-1,072837152	-0,445853884
-0,906097081	0,759960334
4,745436981	-0,512780341
-1,215773034	-0,617376104
-0,669782913	-0,81519755
0,814091938	3,344600373
4,507775304	7,018074482
-0,868984797	-0,091337918
-0,726149236	-0,094212397
5,462786713	-1,691452175
5,853490025	-1,204424702
4,568947392	-0,71323321
-1,63314658	-1,027258323
4,955912468	-1,207317274
1,268469978	4,225602668
4,353960913	-0,413381255
5,651793521	-1,312331659
3,747400484	0,319107763
4,293709492	2,463967683
0,244220605	4,649493511
-1,297725149	0,067149145
5,304785991	-0,126049323
-0,831952807	-0,552906417
4,610848583	-1,185549479
5,518590187	6,522808448
4,755226762	-0,87143787
0,581640407	4,853302477
4,506256221	2,950457334
1,502765951	3,762276055
-1,215464332	-0,46678021
-0,917051681	-0,52836094
0,862287584	4,142852088
5,512137428	3,517233909
1,198682632	3,810932273
0,29684797	4,396843084
4,714885397	3,438608825
3,769421764	3,583937738
5,131166628	3,921488287
-0,445150126	-0,566283542
0,629657982	4,295295251
5,133386005	6,630758655
4,620356767	3,785606159
5,45049676	2,028627184
0,041482488	-0,593444362
4,451606574	4,315952309
5,503307269	3,576060763
4,713227342	2,516727694
5,523388805	6,691303903
1,409283935	3,442035033
0,318720096	3,887583612
3,895078847	-0,006285456
1,178888319	4,536798875
1,039652015	4,374912104
5,350683423	1,87915798
6,512065216	7,093418803
-1,647690832	-0,633317054
5,124105277	7,231289357
5,757448025	7,381161933
6,520100391	5,459379808
-0,765093561	0,124933209
-0,792722245	0,246912116
2,143730382	3,89105551
5,750308911	6,94833331
4,825327468	3,123876783
4,579568395	-1,002362455
0,907498872	4,650027931
6,349508921	5,898247686
0,656693049	4,336556164
3,755654939	-0,778515705
1,1814959	4,352887435
5,780131236	6,553830132
-0,499417772	0,288576419
5,732987132	6,381238309
4,100261234	-0,924438454
5,88039138	6,301766389
-0,584705991	-0,747400528
-1,470443662	-0,258355799
-2,04302107	-0,474295614
-1,180078814	-0,389984682
3,368516935	-1,310224906
5,849968825	7,062324304
4,523828358	7,112218059
5,580869977	6,055511616
5,939316466	2,830647382
-0,602349076	-0,274229962
4,524939021	2,89398468
-1,333463901	-0,896420685
0,743976895	4,968177522
5,965200339	6,164479984
1,095593515	4,085684949
4,081362705	-2,148543177
4,563679302	3,378602015
5,097387181	0,299941988
6,336294706	5,935387413
6,032321717	5,920877849
5,378280834	6,25677165
3,948636678	-1,483126689
-0,378830914	0,660345547
4,730821874	2,876335667
6,250098344	6,122496564
0,474418972	4,180692671
4,015329461	3,478501107
4,380187978	-0,941228255
-1,389786598	-1,124889802
-1,969137163	0,823787618
1,018465196	4,143450021
-0,066766956	4,428917972
4,399275586	4,230201445
-1,204306167	7,16E-01
-1,183141419	0,072822236
-1,825864967	0,687839302
5,641517771	2,839475762
5,417320925	7,02430678
5,392279642	-1,423681584
3,766699912	-0,0943809
5,852663828	6,156890601
5,098999336	5,632382904
-0,805924429	-0,027471125
4,238756352	-1,135447061
4,751029962	-0,497614177
0,548499467	4,317210578
-1,26042573	0,431555471
4,05626324	-0,506465395
-1,188521234	0,345443874
5,266175667	6,514325736
4,866070263	-1,617619403
4,358705289	-1,817199339
4,515569974	3,032076261
4,489711957	-0,941735649
5,971406681	6,898077925
4,043413963	-0,138592639
-0,596089011	-0,017761498
-1,901343215	0,376351937
0,378861778	4,272207086
4,87426739	3,791669453
-1,748422038	-0,005365156
-0,750703154	0,413613902
5,415534388	6,723170091
5,793891672	3,193633293
1,725956679	4,81772234
4,84226673	2,879956406
4,689069749	-1,527543039
2,187288688	5,171302348
-0,818540924	1,071652099
4,560846962	-0,565250114
2,052375969	4,360808566
-0,357194304	0,924537686
4,954327289	-1,456409019
-1,459830179	-0,612191088
0,140689409	-0,022216969
5,625230019	7,005935685
4,181441352	-0,782666055
4,419244366	-0,815696385
5,406326907	2,58727044
5,30916163	3,759909309
4,514268354	6,65834333
5,153249848	-0,801677868
5,667039387	3,403923569
5,053317692	-1,05944723
5,091163442	-1,112672129
0,339583152	3,297021596
4,748994764	-1,508202216
0,455624507	4,472838588
4,416094647	6,442860501
4,317153898	3,076749482
0,040301514	-0,117170293
1,204230408	4,302641331
-2,055691568	0,36466441
-0,783257948	-0,873242931
5,293652354	-1,165304232
5,875483869	6,551313728
5,673138448	2,232320259
0,297370904	4,182743013
-0,453844248	-0,673489789
-1,0273886	0,27536403
0,386853629	4,195735331
5,435013385	6,767293346
0,781784399	4,095297046
-0,559621335	-0,144232277
-1,110659436	0,593595172
5,586714039	6,957746146
4,198470066	-1,0225213
5,217028032	2,097218434
4,538956604	-0,239978347
6,107833399	5,992613729
5,119131233	-1,915799473
-0,829706358	0,128461571
5,98755793	7,409645318
4,697602497	-1,471758003
0,292562251	4,08875115
4,796187252	-1,976107839
4,652758607	6,306561796
3,914907101	-0,732146373
4,982831042	6,885406396
4,133785872	-1,122013564
-0,948503904	0,478681408
6,836563139	6,725724947
-0,659693376	-0,877319338
-1,284511135	-0,346129725
-0,265356722	4,303671506
5,726719919	2,15838908
5,468604365	-1,239573252
4,646978213	-0,012584424
4,741823148	1,927137623
5,793226104	2,511393073
3,788275449	2,219968527
4,882510257	2,700730879
5,759666518	6,191237719
-0,520804695	0,299757601
3,981807903	0,557660757
0,310729292	4,128969966
5,528796419	3,968923292
5,265148484	5,76450009
-0,946935317	1,098580145
1,93996914	4,465480376
1,837184468	3,957017915
4,723121815	-0,499148727
4,444226059	-1,058254321
-1,903657428	-0,606803875
5,800198635	5,629548156
-1,46590012	-0,061133367
4,238709551	-0,022335998
-1,207586632	-0,38933097
1,15967747	3,905179361
0,864828806	5,048457249
-0,031693059	4,674268713
0,090835543	3,8897559
-0,010284427	-0,626057025
5,432117332	7,024695142
5,42896097	-1,020298953
4,741284548	-0,675864788
4,672365954	3,023947747
6,716620066	6,598023802
5,714501837	6,374897487
0,226245463	-0,397448091
-0,550578856	0,573501622
0,805094361	3,571326162
4,535974364	-0,474283132
-1,922997043	-0,393923851
4,439860302	-1,153357001
3,908358254	2,899012908
5,785356391	2,965351334
1,32064809	5,174593402
5,001277291	2,97412224
5,297544476	6,058865478
1,596494915	4,216314767
-1,495060402	-0,988329663
4,763684975	-1,23924055
6,225067711	6,734526849
5,410205232	5,65714981
0,909231009	3,621964056
5,070498777	3,406909559
5,09784911	5,989784784
4,84928147	3,910586453
5,11759236	6,829330381
4,569893858	-1,286877791
-1,528042447	-0,431588246
5,715409874	6,968339974
5,136202624	7,017246488
0,91484618	4,279636374
5,897130338	6,65554005
4,514707399	0,139441044
4,340508585	-1,183998511
-1,527543834	-0,249975088
0,843104242	4,644920739
1,332174405	4,129477308
4,901111372	3,775586274
4,731443092	3,912679036
4,413148931	6,722618875
-1,102112962	0,216418956
1,15735215	4,228779606
4,177978164	-1,165448674
5,387733823	6,409586286
0,590845718	4,716419358
-0,518432543	0,470089678
5,914104161	2,537693084
-0,868266968	0,674777815
-1,928419246	-0,201800314
1,214124734	4,494679291
4,29663702	-0,797655199
4,032405477	2,294651866
4,630847038	0,127321084
5,076110533	3,37176217
4,938129111	-1,654000245
5,238341692	7,242282821
4,765555018	2,724633898
3,714564089	-1,444647934
3,97601301	-0,249144648
0,630716089	3,778970847
4,68603984	-1,658463023
-1,402792334	-0,74905736
4,974885576	-1,498017949
5,906170136	3,524205784
-1,132837401	-0,687728521
1,331485407	4,490119719
1,3748368	4,580914461
-0,615591554	0,811130638
3,786370123	2,358325683
4,125643566	0,285838746
2,132316651	4,429954575
0,787192016	3,765439677
5,51118397	6,518452628
5,412752302	6,303532379
0,703582106	3,768184395
5,02109421	3,031707167
1,06634026	3,549431581
0,466451412	4,75760799
-1,900369041	-0,135001743
4,585679979	-0,769431506
2,083708976	3,949883791
4,353019036	7,194366167
-0,749004569	0,552613678
-0,085921962	5,30513523
5,357381446	7,115470117
5,60723816	2,219622017
5,626298311	-0,735050445
-0,775299286	-0,016625921
4,415400578	-0,741943402
4,499211371	5,680118373
0,422791118	4,105145754
4,127869089	-0,326696403
4,717516738	7,038842767
6,011772497	3,513885076
0,243867472	0,909438368
1,823681483	4,589891306
3,883451408	-1,213864605
1,558787623	4,592752735
4,196157123	2,190101399
4,590672084	5,749304583
4,544248108	2,911625517
5,084864629	4,195316595
3,998610988	-0,279471027
0,933377869	4,293827995
5,625808547	6,492340638
5,099676404	6,226673478
0,767417382	4,357557902
5,575095471	6,27875719
4,575608548	-1,521314453
4,437349846	3,039267645
1,881914067	5,216377518
5,621358838	7,103777373
4,922707361	3,052940662
-1,152674108	0,004252233
2,094460672	5,210638861
5,972481557	6,828068268
4,470448576	-0,285769491
-0,892102835	-0,149187251
4,609549155	-0,55214243
4,183426261	3,000949278
-0,809898822	-0,450630386
6,431404153	5,570021206
0,010660348	4,171134043
-0,025576598	-0,945870529
5,375463081	6,650765161
5,228968199	6,601733804
-0,99626861	-0,085326279
4,854106898	1,84032928
-1,592283496	-0,084158952
-0,386052297	0,407099895
0,244276768	3,994863312
5,667907404	3,316558124
-1,123249667	-0,788583645
-0,789265755	0,806532607
6,376332123	6,486192854
5,142336842	3,250126977
1,087949687	3,953049372
4,548624843	-1,208747979
-1,245477069	0,580047261
-0,450724135	0,163052833
2,199499154	4,643149644
4,090655138	-1,356170327
5,247544619	3,717073283
5,26065731	-0,785894017
-0,938595511	-0,451754719
2,318561379	3,330108068
5,51451949	-0,927785649
0,958130244	4,125958165
4,804061478	3,049553217
-0,072324224	4,065076295
-1,201558307	-0,113468481
5,141976494	2,746670995
4,493707514	3,604993654
4,042799573	-0,82967027
4,825167242	-0,500665656
5,44700571	6,939596597
5,83483915	7,374976862
1,27500529	3,69764286
5,838223293	-1,083206716
4,764805877	-0,102862579
4,828130825	3,286648257
0,484165985	4,28581406
6,022765948	3,593041434
4,890417067	2,343998801
4,689660707	-0,49333516
-0,647150298	0,007989503
0,987242039	4,363360372
-1,199711948	0,145781757
4,643180962	-1,960669524
2,193620761	4,241447206
4,642046697	7,136560625
5,450959608	6,248188844
4,494847371	2,64067605
-0,252565492	-0,265095557
0,462455157	4,646729968
1,855097696	4,135885261
-0,497879137	0,597006225
4,164886375	-0,274694434
-1,026201326	1,009239908
0,775128148	5,109653135
-0,990198229	0,912442293
4,120219692	5,319388211
5,219478498	6,448883419
3,938205151	-0,684464311
4,618460021	3,798544352
-0,718823979	0,439782937
4,684162919	6,350645777
1,979936921	4,741726182
5,185705005	6,902539718
6,112029245	6,403830903
6,460067993	6,281143301
-0,125624585	0,101064216
4,640779133	3,784160776
5,36925007	3,459583378
3,983194927	-1,23104105
5,497995712	0,237474826
3,748618377	2,549046704
4,597427537	-0,675802316
-1,044124089	-0,376134262
-0,987583562	0,414765297
5,7038273	0,235681986
5,164903042	-1,778867051
4,562055487	5,802178469
2,360580975	4,080538973
0,821284472	4,092009227
5,853754407	-0,830026225
6,047623008	5,899329442
0,832402675	3,895707597
4,588737917	2,91987732
1,480928847	4,281098705
1,978828084	4,487950327
0,716002059	5,060541125
5,121699917	3,350784007
5,286916949	0,117955886
5,682069295	7,493574829
4,430439526	-1,46618936
3,980614579	-0,62033427
0,855805207	4,600361674
5,289448952	6,416495468
4,926899844	5,599858624
-1,879129118	-0,628114259
3,948410445	-1,603378602
5,788141041	-0,786498231
1,952409277	5,025845834
5,284596546	6,441791695
0,393186619	0,183525224
4,175516489	3,244275544
0,759950239	4,523728718
4,54583122	-0,530377689
6,341478133	6,049259392
4,825505559	-0,061303624
0,63130187	4,217524073
4,952393505	-1,110592631
0,169471978	3,631536309
0,293501357	5,167703757
4,656901441	2,180009489
1,058100257	4,432311858
1,023910824	3,927791125
-0,871058237	-0,264723736
4,055231911	2,791836822
-1,844319438	-0,660540699
0,882635272	4,422011462
0,83574921	4,235077409
-1,753099483	0,45885226
-1,635754954	-0,510905783
6,380416855	6,087830988
0,383371065	0,343098658
-0,483010456	-0,667589145
-1,472718759	-0,059683551
5,796749323	-1,207815231
3,627373773	-0,4806847
5,507215295	3,205750778
4,25716809	7,376695686
5,938371552	7,427100284
5,307859635	3,167966275
5,475555421	6,458485825
1,871235057	4,448657335
5,991014635	5,934752149
4,890348656	3,437253169
4,425814759	-0,700223937
5,333549088	-0,56911945
-0,833378809	0,133610503
4,207800224	-0,726708039
5,162373344	3,554628762
0,827411282	4,38516337
4,849370738	3,20241965
0,078103204	4,9422193
1,312128302	3,911422577
3,5147944	0,243218212
-0,48523464	-0,738256273
4,926995465	3,332822101
5,131717549	5,596198985
5,708236709	7,136071493
1,635797669	3,980896811
3,693433014	-1,868890406
4,208877211	2,505400197
0,933954408	4,513449545
4,790879424	-1,526192212
4,312021712	0,219690405
4,076350108	2,742812956
4,19092566	-0,574206982
5,430785777	7,304243792
5,797564332	5,805932252
5,841382829	5,86003381
-2,056572053	0,459914247
3,914553824	-0,185668323
0,622217915	4,389388559
4,932916951	-0,177902807
1,069155494	4,345359158
1,532113401	4,786967981
4,212349199	-1,17393274
3,538135844	3,244222693
0,081999894	-0,282657432
5,337799002	3,397367381
-0,108244582	0,096569742
5,46402102	5,4052144
5,177070046	6,179007869
0,445513597	4,186303336
5,311317532	-0,52427291
1,023602603	4,210147442
-1,605273208	-0,005053261
4,511892464	2,402266582
3,639824967	-1,401813164
5,243630368	5,78600624
5,301906163	5,749049707
5,314570784	3,551665429
1,919524274	3,996591364
5,295417207	5,624913761
-1,336724989	0,583858844
4,184929149	-1,597882145
5,183669487	-0,723620112
4,004433058	-0,330986223
1,82598262	4,071164524
-1,933213648	-0,148149947
-2,013388313	0,853064635
-1,275246907	0,287174687
4,737730151	6,519768339
-1,152618217	-0,164790251
-1,91850892	0,143656724
4,677048605	0,041724016
4,135768513	-1,130827814
4,474554529	3,99201945
5,561405056	5,448873902
4,109483671	-0,490722707
5,315570754	3,273367706
4,844209889	-0,528705922
5,461560052	6,266987638
5,745286491	6,467475294
1,253708241	4,734591875
-0,947068536	-0,258326128
-1,193192071	-0,252180751
1,641264883	4,294796624
5,760447837	7,050926876
3,711320754	-1,616539329
3,876764917	-0,347729196
4,354450357	7,166826438
4,416681843	3,18526847
4,991980095	6,384334785
0,70421213	4,939168575
5,069032348	3,89444985
4,18304569	6,437720724
5,826460279	5,807173617
5,681559971	-0,873105063
5,8784675	6,295822179
5,069392484	0,13568481
4,067637475	2,609373544
-1,532696341	0,684522532
4,506108509	3,379686554
4,658878413	3,438185548
-1,632505896	0,224906628
4,232897083	-1,417806578
-0,647661008	-0,622505764
4,798381921	6,558061447
1,975047995	4,398678809
4,817466245	2,512140595
-1,649957031	-0,992368705
4,873925742	2,966044765
2,107028016	4,206853781
4,255439008	-1,281516209
1,22619535	4,759216707
5,146024845	-0,909435465
4,162328839	-0,536903499
6,037102574	6,530252247
4,933003029	-0,957399739
4,259147082	-0,955050208
-0,580106182	-0,069693163
5,596165887	6,559984139
-1,634975623	0,382135677
3,684746056	-0,786256869
4,295625675	3,227495636
4,358048809	0,238783702
5,501718115	2,967857337
4,867017858	-0,692954805
1,955783508	4,988057106
4,638861234	5,724157071
4,259777841	-0,516043616
-1,172515377	-0,71866782
4,404993563	3,105518705
1,480760144	3,911537637
-0,591521718	0,177979326
1,500148136	4,740873296
-1,549150905	0,33001696
-1,129861881	-0,424362768
5,17722857	7,429427437
1,590948059	4,562269195
5,233578625	2,944741747
-0,878820174	0,277585348
4,920740936	-1,740563695
2,207173534	4,908805947
-1,098200795	-0,504043784
6,008692225	7,166168617
6,147986884	6,996394698
4,835188421	7,194527739
5,096193725	-1,904655156
4,785127567	2,739401459
4,731611265	3,895412265
5,271918303	2,550415246
4,490519347	5,874683658
4,731051971	3,656916794
5,66882306	-0,228302243
4,692540685	3,686638599
6,063735777	2,351618907
4,542393842	3,574266059
5,535501089	-1,455553907
2,145485609	4,193516839
-1,707685968	0,002874433
1,15709132	4,228414142
-1,321393829	0,456455166
1,761565154	3,408543765
5,189667466	2,147178507
5,348822924	2,642722006
-0,786524821	-0,20822069
1,269548187	4,005685491
-0,106267341	4,797077147
4,398394818	-1,196931579
-0,058381755	0,289677803
6,258601048	5,908991848
4,601997002	2,605157515
1,005771585	3,968080881
3,808131642	2,429835365
-0,313777557	0,799999994
1,212329723	4,541752124
0,713241455	3,861804755
0,758811944	3,601915982
-0,728496051	-0,13725907
-0,719731522	-1,199500429
5,825659991	6,716965635
5,378610234	2,637604143
0,648523241	4,660388552
5,368895696	2,579719783
1,179738745	3,767502275
5,11548253	-1,569441348
3,750630022	-0,051524799
1,10739322	4,947468244
4,012911579	0,334610844
5,894957144	5,690354953
-1,100440626	0,404524981
4,484380558	6,657252712
4,212907569	0,026951269
5,578194177	6,19231806
3,84710085	2,691598894
-1,319000489	-0,563378935
4,646775011	3,296437862
3,942382866	-1,026441839
4,46079033	2,146846186
-0,88194273	0,356662636
6,321524307	5,456268104
5,802812603	6,113351381
5,448228766	6,07530072
5,395469941	6,674048128
4,738843812	-1,110603949
4,876034817	3,051769059
5,802693638	6,041012097
1,25465021	4,946449939
1,974151147	4,981190131
4,738485358	6,693101483
4,702294156	6,376070095
-0,060113035	0,975341758
0,033944201	0,943513475
5,202895729	6,806292142
-0,346362304	0,068913911
2,260831225	3,861491438
0,783296344	4,634921607
5,934799976	4,003952384
5,402840354	6,361574269
-2,357514263	0,113335476
6,139890439	3,11825032
-1,335914652	-0,75178534
4,648325667	3,332429729
1,304072963	5,26330417
5,130571569	-1,509424596
5,957396324	6,634640945
5,894887434	6,244957855
5,423079098	3,403266054
-0,559874821	0,851400317
5,916867329	6,72395579
-1,086521029	-0,190950176
4,862280118	3,883317552
-2,106480352	0,015816227
-0,844001517	-0,688495601
4,012329678	-0,197844968
5,329559953	7,29921402
3,727892131	-1,068316405
-1,326119801	0,073620933
5,282595815	6,471436049
4,294254025	-0,413140791
-1,707853342	-1,072471374
0,949868507	4,323015864
1,188786066	5,235355011
5,488096133	7,194295518
5,618062175	5,866010273
4,625891511	2,910766191
3,88629103	3,578362248
4,215256145	-2,272035847
5,15220978	-0,228069249
4,584958996	3,34164183
0,276330426	3,830142233
0,67576534	5,379545858
0,74421956	4,45868983
5,877554789	3,855389628
-0,546557528	-0,567148089
-0,656056571	0,186612988
-0,99650282	0,077831898
5,073704497	-0,93244323
5,401202123	6,876818005
5,617997757	6,4094857
3,598885619	0,427075203
4,565418472	2,987596267
4,359302977	7,066525787
5,552515516	6,837723013
4,85360262	2,324171939
4,715209932	5,680562203
-1,464471233	0,217648386
4,9710497	-0,026083656
0,032852841	3,521438111
5,769082317	2,11422955
1,138151815	3,931643938
4,910629756	-1,0488902
3,720709654	3,157099224
4,98321452	2,874587415
3,783140449	-1,19092803
4,710190461	2,972386957
-1,63284623	-0,944676979
6,617060513	7,11241484
5,700240291	2,94094238
4,911579492	2,251467312
1,047724044	4,798892494
0,625067677	4,441592486
4,477020822	-1,276521825
4,574779017	-1,945977223
1,144754392	4,799696742
5,545721339	5,821524148
4,663644368	3,978851745
5,393081784	4,141860781
5,815394522	7,126514666
1,617417347	4,253068059
0,580981652	3,959274856
3,980250661	-0,806394563
-1,271309356	-0,227990674
0,731992764	4,779400893
1,231699605	4,806687579
1,015806522	4,005434424
4,76498983	6,666407895
5,025381218	6,204053237
1,530771782	4,359818536
-0,082779426	3,545558564
4,361859227	4,197277813
4,319492051	3,733887863
0,983652467	3,462116135
0,564058095	3,35311687
-0,552213823	0,345780304
4,02782344	0,402002455
5,37067544	6,593077665
5,938777748	-1,43166554
-0,713561354	0,707181687
-1,140596866	-0,367192691
4,444822399	-1,003799352
5,773931901	2,521055027
-0,090246429	0,633835788
-0,177460801	0,655025873
5,14009377	3,356159069
-1,386141271	-0,089286293
1,781045467	3,789257316
5,127514887	2,772820197
5,584506987	6,940781353
5,496212401	-0,344488164
5,346427386	2,26207149
0,883638718	4,715083307
5,388941173	7,455854321
4,464166777	-1,665583759
5,882402777	4,160896494
4,668599158	6,756122941
6,427841206	6,696080132
4,297299342	3,867614929
1,651721068	4,010461489
5,680030382	-0,695289804
1,090748229	4,254635182
-0,339286893	-0,377600622
5,75804904	5,967804771
5,906284621	6,120416062
-0,504805126	0,410374128
4,57789136	3,05580868
3,905368015	-0,81024448
5,351016317	6,74509423
-1,38140454	-0,231115491
4,326589285	3,80061923
4,557509186	3,291026813
1,209162919	3,879641617
-1,146129439	1,063366878
4,852504157	2,377516734
3,609637018	3,828658814
5,416604473	5,769095736
5,091341721	0,180389228
-0,593800542	0,052166991
4,534908283	-0,947436552
1,122473615	3,850103454
5,433984258	2,900802861
-0,995550393	0,281388246
4,469870688	-0,998776615
0,978516922	4,197373456
4,94948188	-1,747152293
6,284267219	7,079235733
-0,946913133	0,051459891
4,753208772	2,541486104
-1,010649967	-0,979475432
5,333176081	5,674525261
4,488698033	2,967878617
4,752465365	-0,573326921
4,38324837	-1,073401022
0,171527456	5,092023922
0,873556351	4,735814108
4,733919299	-1,291013591
-0,506085288	0,010605266
5,700425919	-0,779322941
1,199772495	5,03126843
5,292338513	-1,062146618
5,185963046	6,755336091
4,979331783	2,054998404
5,348777447	7,076162948
5,156128403	-1,025309301
-1,814245643	-0,198743351
1,101889483	4,231104113
5,095248735	2,402511415
4,822642153	3,391286274
4,347320957	-0,588307765
1,139670255	3,375091069
0,74047546	4,190556992
5,867445082	6,051970961
1,557396261	4,34560523
0,962868362	3,862911991
1,715764047	4,804439892
1,698783254	3,951712916
0,174542199	0,430399064
6,066960425	2,596253257
-0,384382316	-0,011200461
5,896816406	6,940259854
-0,849014409	0,301990083
5,488543592	3,575493386
0,017897461	-0,454709014
-0,995335487	-0,127043718
1,911635229	4,409482736
4,454254312	-0,208194075
4,756950749	3,006449307
3,955189532	-1,326217736
5,425302371	3,483288253
-0,536063575	0,406792045
5,42734075	6,272225337
5,657250324	3,327165546
-1,283233709	0,097798615
5,49164159	2,34926316
1,265215866	3,820877707
0,827132137	4,126802531
-0,927094046	-0,201536158
5,665939491	3,034644393
-1,49774985	0,213961229
4,821748869	7,276173125
5,424369782	6,836661821
6,119691697	3,390101844
0,984100503	4,194434019
4,887117256	6,414056427
4,955089345	2,831227936
-1,617105308	0,495081717
5,580648439	7,359452237
4,936422616	-0,78154648
5,455186701	-0,49010397
4,492060935	2,70828533
-0,073032266	5,020308743
5,231507584	6,664588948
1,398109348	4,394721615
0,515027114	4,534908021
-0,402214773	-0,382859954
-2,058747694	-0,680056132
2,041542822	3,789538844
1,371326876	3,561509602
-0,994194609	-0,323795825
4,419189132	-2,15671497
0,011370633	4,439683835
-1,004719742	-0,170408851
6,867141817	5,943679864
4,761825209	6,702994124
5,654788589	-0,11632041
-1,732374114	-0,613449189
1,524836139	4,177519325
2,116997687	4,044814593
5,7350752	6,753228071
0,953141775	4,687669218
2,028423574	4,141023855
-1,188863656	-0,862615077
-1,168672943	0,071883426
1,49348935	4,22636863
4,322157931	-0,73076112
1,224436142	4,144042187
-0,401823914	0,034685239
4,658755132	2,713979381
-1,381919357	-0,126744425
4,15912858	2,676387621
0,436370645	4,572225687
5,341218006	6,607894272
5,58276567	-0,340348617
0,613793929	5,085422001
4,757531491	6,137165604
5,644641469	7,054182137
5,860168533	6,992908953
0,14916551	4,893354992
5,551636313	-1,209106135
4,268067087	-0,7487923
5,218956502	6,370799092
4,837041817	-1,538596852
5,817570616	6,18969869
4,317078388	6,655751684
0,650008623	4,364687394
5,10594824	7,50941548
4,263204192	2,902238451
4,743025373	2,584756035
4,744239048	6,563290486
3,834213222	-1,413224756
-1,406159412	0,043542818
4,73488953	2,69384127
3,638107426	-1,548720947
1,285988496	4,497402463
4,268862821	6,505638996
0,081810565	4,222936005
1,649260843	3,999960168
4,886231695	-0,448452311
6,079971722	3,75078575
4,27270017	3,385451352
5,809465513	3,766660616
5,205182459	-1,215913971
-1,957502046	-0,256458625
4,477556542	3,572784509
5,213830481	6,898313472
5,342430691	0,459260725
4,618801334	-1,369394804
4,922296373	7,00619529
3,904435893	-0,355410687
4,666187914	-1,852713577
5,346513101	6,486508016
6,147265938	7,499356333
5,403524791	-1,415369162
4,998099506	1,860675834
5,672628916	-0,071154231
-0,87079232	0,68079328
3,793114861	2,825198761
-0,626907459	-1,020947954
-1,686495663	0,303431332
1,011598165	4,434349904
6,387698093	6,601981893
-0,715563187	-0,927638625
5,627835342	2,259192618
4,34619232	5,728145667
4,403694206	3,076639555
0,545734757	4,497604889
-0,321949827	0,633727464
-0,88381665	0,095281343
5,290734937	3,285646503
-1,461093818	-0,679926903
-1,683581547	0,005541944
2,137082187	4,278014798
5,116940299	2,230162047
1,100282022	4,577738411
1,040726185	3,845095823
5,027910455	2,706419625
4,957743457	7,371367474
-0,663983304	0,537198694
4,170171822	-0,816906779
5,372208418	3,593843821
1,210345424	4,310315289
5,025196814	2,554011852
-1,092305263	0,104498857
4,440362775	3,909353032
-1,047722915	-0,913097744
-2,256755447	-0,069738554
4,503568935	-0,299655827
1,378554729	4,879642656
0,926290504	3,433197982
-1,305635206	0,182838243
-1,698191889	0,356328458
5,004359698	-0,463412171
0,746664013	3,750896996
5,227243271	2,255272134
4,980232536	6,335387841
5,333071194	2,375124469
5,619940793	2,459672691
-0,258999205	-0,346131573
4,186273349	0,109756416
0,442770679	4,280096388
4,738509233	-0,08910535
5,077318369	6,761571454
-0,1577169	-0,003040511
-1,075683468	0,610230324
-1,594995313	0,111753697
4,861279052	0,285579498
0,813896456	5,29264589
-0,998812312	-0,40715206
5,143759383	-1,393004428
0,965747073	4,472794755
2,002845629	4,460461362
4,111556395	-0,024778644
0,011148337	-0,620542804
5,390602485	-0,865526848
-0,662613305	-0,748659795
-1,15397848	-1,088151839
5,495678091	6,848488451
6,228797791	6,023103023
5,5525604	-1,180288538
-0,726937355	0,230933902
1,103864055	4,742025294
5,323238301	6,242898603
-0,794694295	-0,160570566
5,240248284	6,033690141
-0,64951615	0,771689039
1,350409765	4,241594481
5,57408364	6,646787371
5,373683018	6,590672397
5,64715483	6,134536512
-1,394519925	-0,861344716
4,863923988	3,708908323
5,494374481	5,584039225
4,504357069	3,511166949
4,429735933	-1,38145828
5,968814169	7,353937581
-0,628483072	-0,028014366
4,596608336	6,03791349
5,90193394	2,792672795
5,280360933	7,529286806
-0,19888464	-0,034226838
5,6941486	2,313738927
5,604173842	6,85357049
-0,141760363	4,298242088
3,88154756	-1,737422572
5,809476562	6,61630261
3,683020313	-1,342741429
5,816039202	-0,276285373
4,640019546	6,73342354
1,664544521	5,248491272
4,433581482	2,32890285
4,392734591	6,401462316
5,017530557	-0,317483316
3,573218014	-1,383160331
1,437455275	4,54277792
1,079598832	4,174359842
1,655519138	4,371432495
0,784836746	4,911420673
4,46563302	0,347668013
0,716066245	4,177058629
-1,438467688	0,924928916
4,487870325	3,491112848
5,435587622	1,765846466
0,594719124	4,92940121
-0,600854921	0,756960119
0,158698999	0,253375424
5,343338013	2,702874264
5,036172347	7,329707717
0,809528396	4,988114446
0,909450181	5,243136401
5,027074362	3,253928419
-0,776052576	0,406671208
4,173701899	6,372919316
1,29054883	3,981038691
-0,614095105	0,468357742
0,170511474	4,863211109
0,821762534	4,760341296
5,486759895	6,525738248
0,970206721	4,904077413
1,81095725	4,417890044
5,192779675	-0,928978327
4,905740361	2,744406977
1,370222359	5,125302821
4,677763845	2,897103342
-1,469804637	-0,02805105
5,298321652	-0,086234238
1,358552513	3,855581477
5,887541888	3,210452748
4,302741458	-0,751497551
4,75378794	-0,701894932
4,810274335	3,293255248
1,306073858	4,271453306
-0,162368876	0,460702567
4,850037076	-0,277604173
3,266788886	0,376506601
-2,147782243	-0,007958706
4,637555497	6,869340091
4,489519766	2,569253271
-1,429167215	0,579554074
4,727585341	-0,258057045
4,365795501	2,638544197
2,011753082	3,862736154
5,630134875	6,146079153
0,742743973	4,701608758
5,747082515	3,120189211
4,296491735	-1,739514476
1,059146279	4,428276675
1,357983206	4,178272412
4,043811224	-0,652226806
-1,460403748	0,788606278
0,954873004	4,006607482
-1,498258763	0,613381984
6,024570784	6,519873863
0,999876527	3,992874849
4,865451004	-0,260083074
0,493499443	4,253339332
4,020035593	-1,077480423
4,959393878	3,022961567
3,460382712	-0,516909298
5,389890554	6,401827466
1,596835982	3,610728883
4,8409896	3,013427757
3,651566724	3,262212151
5,581552802	6,25995403
5,587154418	3,168592641
0,300307981	-0,509484618
0,398168712	3,977689239
5,080391555	2,815875599
4,339954452	6,605518327
0,349706102	3,75495902
5,258067355	7,157765684
5,286050077	6,925003111
4,906690645	7,161527981
5,35043755	6,407244361
-0,711746698	-0,021614289
-1,220226448	0,671895247
-0,460119458	0,326169927
5,148268177	-0,930514834
4,33461507	6,448377102
-1,526458624	-0,427718765
4,698719174	-1,339608463
5,227205697	-0,614721109
6,352614198	5,468881016
0,301940775	4,383656876
-0,25842775	-0,871624411
0,851550054	4,971052521
3,782949988	2,811033633
1,100358165	4,445015109
-0,809041305	0,336693072
5,711955446	6,516970326
5,571161441	-1,236027822
4,927416801	6,478220124
1,923389008	4,123150284
4,868957307	-1,587520429
4,065361777	3,606193004
-1,426543865	-0,085648467
5,221653842	6,412641575
5,736435869	-0,080570614
-1,155438732	0,231986442
-0,776215554	-0,232250675
4,119650461	4,075369608
4,876662452	3,871668579
0,58918168	4,08600861
0,589612547	4,492778359
6,55446872	6,912960324
-2,209382057	0,173578093
4,822086068	2,892401515
-0,711949739	0,588139549
6,108041966	6,447569053
6,051124122	5,496236516
5,43103245	-1,534708034
1,017144215	4,62653602
-1,151381909	-0,353866111
5,12991813	7,317914886
5,351968122	6,941017988
1,055546121	4,835474016
0,55031915	4,262865226
5,518830101	6,498329182
5,097087772	3,110989141
5,306387801	2,877925457
-0,905689909	0,513069085
0,390537062	4,216969906
1,383560159	4,057230546
5,40188973	5,789978233
4,653667672	-1,283869106
3,889597916	-0,294711088
1,771574012	4,909201165
4,494274978	-0,846932683
0,107252814	4,440691217
4,211221	-0,926646198
1,412004061	4,403542243
0,536821387	3,575008901
-1,247432995	0,377161158
-1,864370143	0,448489433
5,471217819	-0,649376596
4,697553498	3,049821623
5,600311228	6,39511934
0,903925013	3,604641949
1,091469091	3,493765852
4,959272247	3,072618724
-0,343057299	0,104479483
4,233635465	3,021553078
5,110755737	-1,018544058
0,114054463	-0,307669213
5,738433531	5,741916375
-1,802028074	-0,81162459
0,305900853	4,443817618
-1,882840184	-0,81204585
5,525643556	3,600853965
5,739881265	6,443083623
-1,285346347	0,431171082
-0,609585765	-0,11104578
-0,908726033	0,316069535
4,852340584	7,390744899
1,539146715	5,217620093
1,329083061	4,377162497
-0,476351335	0,727852554
5,330986226	7,232259739
6,0716042	5,935911557
4,874517737	3,134780139
1,479583512	4,641607659
0,196781436	5,153914286
0,568157697	3,508164813
1,091869051	3,791881513
-0,623788126	-0,998989392
1,462712392	4,709490195
1,770532282	4,744973002
0,187340196	-1,175973344
5,015338984	6,398947515
5,876607888	3,727893676
3,781941642	-1,307917544
0,235873134	4,120157115
5,60575014	6,245963768
-0,314321176	0,306335406
5,662238395	2,898531697
1,558698478	4,265955288
4,066115838	2,00303804
5,247958875	3,028633623
-1,300392256	0,129406781
1,116571007	4,04007366
4,833114239	2,40721716
4,788567423	-0,646970897
4,078278188	-1,113934717
4,437542032	6,014525175
5,295886075	3,027258302
0,781263264	4,197037191
4,965429626	-0,988203414
5,087056741	4,153700755
-1,278004752	0,042033573
5,218522183	2,892815723
4,678060351	-1,255117359
4,090525002	-0,418013757
-0,024323984	-0,480822597
4,551917159	-0,98870734
4,094386475	2,547368292
1,318973923	3,924272077
-1,458190828	-0,408392874
4,126486327	-0,190086498
1,54337309	4,873014205
-0,933334424	0,292150227
3,465266539	-0,717579647
-1,084847754	-0,715321486
0,654627217	4,019782465
0,892249462	4,366025751
5,380419505	-1,759444704
-0,656941826	-0,334131155
-1,937593702	-0,1016842
0,419159106	0,772548689
1,74395758	3,817071134
5,361117201	2,787455078
-0,751150444	0,373830809
5,436453093	-0,879885746
4,785824984	2,650042328
5,766519922	5,433531832
4,655241271	2,155434228
4,988824366	2,940546869
-1,02703812	0,156379961
-1,35325596	0,016564173
5,771702995	6,771874766
-2,030866417	-0,112669993
0,148755622	4,574898971
-1,371423823	-0,570101968
5,869319593	-1,523439633
0,971362739	4,235205568
-1,796108861	-0,261900178
-0,145676923	-0,341378554
3,758308895	2,810919229
5,469005516	0,265493782
4,052921166	3,826997787
4,331459996	-1,624466545
2,308216335	3,708761908
-0,469727022	0,477561752
-0,85295233	-0,068942456
-1,387196421	0,684977367
1,024196906	4,052088405
6,221257478	6,598535943
-1,095835298	-0,490457399
-1,750630183	0,230288918
-0,789660131	-0,277560967
1,06321793	3,408634605
1,320814218	4,668866722
5,781797867	7,214193025
5,200639659	-0,021697251
4,557990033	-1,600894696
-1,266756683	-0,311100704
5,81388955	3,088277961
-1,949268479	0,244408776
6,127048974	7,044437616
5,177225996	2,729619308
4,917375056	0,415999593
1,140656216	3,999629247
5,589334207	5,402024813
4,898800853	6,395824108
4,323430777	3,502472748
4,774803833	3,521797407
4,928378426	5,874978508
4,933316907	-1,37544683
0,624158223	4,474050427
4,609838431	6,375709286
-0,54139955	-0,814808782
-0,803953032	-0,736861049
6,056684153	7,088484237
5,689572727	3,27906786
4,115405898	-0,768584704
1,524828158	5,043231878
-1,952709101	0,086062435
6,021665436	2,89233797
0,302012868	5,204055216
5,214567173	3,775060284
5,921833147	6,492262104
-0,821654017	-0,736704267
-1,27686703	0,213526553
-1,970681347	0,012316538
5,824105476	7,563867114
-0,810744242	-1,070984416
3,956593026	2,546286995
5,665188116	-1,584540934
-1,370449545	0,053498443
5,428705248	6,072313207
0,546479416	4,2982369
5,727281111	7,340010293
-2,088117704	0,100676512
0,606480884	4,276108834
4,541250744	0,023468156
-1,275339972	-0,791429208
-0,65401404	0,063585986
5,215501383	-1,038758841
1,550446342	4,349426608
4,826534191	5,625415042
4,588021847	-0,355863575
3,828004956	-0,764926476
1,392120758	4,375108695
-1,335202384	0,134832588
5,274654412	5,94122982
4,55525202	2,775202708
4,262435115	-0,957193354
0,507595616	4,30566583
6,100322015	6,515585863
0,263562207	-0,041194567
5,199595058	-0,620518525
3,927109218	-0,665204808
5,110073321	3,254957109
-1,516553815	0,653607612
4,518930154	3,271722041
1,45917168	4,56281166
-1,128772347	-0,190663039
-1,470674425	-0,725405207
-0,360941498	0,258575545
4,799942565	-0,699422093
5,278969551	-0,772264632
6,19428081	1,88912223
5,833995972	6,96242846
5,304507816	2,681904066
5,793140785	2,930507418
-1,030319126	-0,395428349
4,857060907	6,206218631
0,868516106	4,213958485
0,912064144	4,837814073
-1,70701779	-1,233667407
0,732516809	4,532801645
0,916152185	4,332731702
1,516600561	4,696849735
5,336798863	-1,412022109
1,163207905	4,45754709
5,822587992	-0,181184142
5,475928728	-0,839790786
4,853346556	2,575644355
5,823670888	6,881854921
-1,082973416	-0,606908137
5,705077429	6,847785105
4,212261465	-0,2671364
5,259361678	3,410778688
5,744730813	6,645882809
4,655327917	2,910080949
4,795706822	3,440383525
1,182667543	4,229234647
5,082783641	3,376785852
0,264913793	4,664772247
1,095321059	4,872513364
5,863519456	6,591936259
-1,985402718	-0,278291073
5,605904627	3,435998238
0,735722053	4,097923221
5,33098322	7,363821144
-0,490918901	-0,202017888
-1,198840613	-0,343850054
5,047090503	3,023004258
5,470912959	7,298071462
1,687372451	4,654227231
-0,785336993	0,274539919
-1,587793458	-0,197574711
5,174354346	2,898215683
5,649486125	6,408752082
1,38013977	4,732127683
5,248122081	3,583071819
-0,843290219	0,620205433
-1,601081307	-0,282539043
4,513689206	-0,959676166
3,565139409	-1,266279481
5,575776012	-1,487247949
-0,362667838	-0,131115173
4,078156204	-1,139037705
1,193397191	4,574792157
5,810970981	2,999959415
6,32837493	6,742102718
4,724378668	2,810503054
5,163344126	6,58632956
-1,553441242	0,340159062
0,668662712	3,60225314
-0,969056363	0,241907494
5,659852642	5,831987318
5,129697171	3,828423886
3,855106829	-0,046363453
4,256552476	6,550813584
-1,622659148	-0,412065541
4,302533457	6,564395828
3,417121899	-0,499777908
-1,870076958	-1,019646519
4,41635801	-1,351916669
5,578745354	-0,456675816
6,324881265	6,441040667
4,382697973	2,503798627
6,209832286	5,410057676
0,591191794	3,546323792
0,993495282	4,101136603
4,715359693	3,273149168
5,910528753	2,215199143
5,059875738	2,321354854
-0,176708147	-1,084168698
4,957265235	6,225694408
5,276559643	5,835623873
4,536651859	3,415209769
-1,466842765	-0,636019602
5,114236053	6,150671314
5,122521217	6,106793477
4,870331402	-0,964600845
5,108354681	3,170057804
4,363455531	3,087344179
-0,973033585	0,486131032
5,430359824	6,226510371
0,325003984	3,644959267
4,175061928	-0,576343617
3,801994172	-0,660598701
5,796118602	6,844432755
5,304067595	-0,862391121
4,642427946	-1,463524075
4,838541303	2,840311036
-0,375962421	-0,39491898
4,45084228	-1,401036039
5,449826389	-0,202508133
1,090044137	4,246311691
-1,182897684	0,525840225
1,870340633	4,758467908
-2,015572359	0,246302892
3,754307379	3,246893145
-2,046925261	0,259862681
6,805075461	6,657100326
2,000238562	4,615837349
4,04967637	2,862302955
1,202829636	3,897157211
6,002862165	6,873740258
-0,448846735	0,27016979
4,759220805	-0,958068773
1,216278975	3,752687644
3,756863637	-0,77212968
1,650123905	4,385020332
5,88758587	6,945297761
0,245985041	4,174224883
4,771922133	2,71053035
4,885008965	2,732738613
1,666767569	4,20848448
1,637922845	3,931961326
0,861470898	4,257447797
-0,999355986	0,750354801
-1,05367065	-0,764920171
-1,151932169	0,459601815
4,00751564	-1,107499839
-0,911023145	0,051427478
4,047842645	-1,202886645
5,239466701	6,598282137
0,696215252	4,109600562
4,968906139	3,274655779
5,448779229	2,579022864
-0,03641979	0,266532544
5,324321522	-1,689445454
5,746402494	2,336777279
1,115488938	4,79334594
5,187114757	7,279228972
4,794987163	5,701544068
-0,614482703	0,996330089
5,343893646	2,043865813
4,67456411	2,781987259
5,624015639	6,423683574
4,888937122	-1,122274617
5,348690925	6,653909524
5,357524522	-2,087243001
1,13186785	3,704837123
4,978430755	3,211749887
5,726477131	6,881359496
5,191612327	-2,096975025
4,083046124	2,814416429
5,334300234	-0,938825606
5,218904875	2,991679214
4,791944049	-1,130587659
-0,372853364	0,980419936
4,911115782	3,827600473
5,894177439	6,104501072
4,988734674	3,480107405
4,652933829	7,100195493
0,150566683	-0,37346745
3,470215433	-1,847138426
4,438332239	-0,332957201
4,771395104	7,039090792
1,789180846	4,037822209
-1,4259367	-0,381902804
0,619835528	3,913150293
5,386673057	2,956278342
5,865964918	7,475881557
1,876157856	3,71499917
4,546766359	3,793205947
0,535002715	5,194993544
5,33596341	6,723365437
5,157117657	6,421095504
6,465942461	6,985706319
5,814975544	6,825499265
4,772302374	3,058294987
-1,030064232	0,401357189
1,132423071	5,064173572
1,496006758	4,480775985
4,134152874	-1,518942756
5,912110708	3,424348612
-0,564788112	-0,275486177
4,740905006	2,628720029
0,546813487	3,873555668
4,862854012	2,608403676
4,022237907	-0,128473295
4,72797403	0,350542687
5,355769294	6,95558566
-0,753781409	0,163342683
3,741778448	2,074865363
3,666059724	0,22689994
-1,523196963	-0,150319675
-0,809570696	0,325064298
-1,058467833	-0,960022884
1,295872506	4,317711175
-0,560010495	0,257425676
1,351355663	4,85185347
1,524951881	3,666897461
-1,429816744	-0,21443226
4,689748018	-1,347360968
4,636200077	6,114669713
6,2155205	6,585380707
-0,140464809	4,349733682
-1,852060866	-0,307672156
4,401851329	6,5116516
4,506534563	-1,848193354
1,261238244	4,737200371
0,914137374	3,951309201
-0,795948283	0,503150773
-0,595144458	0,607487131
4,93887124	7,055665879
5,196228022	-0,649782922
-2,326820507	0,157837685
-1,369284654	0,068292355
4,948175598	3,848531244
0,409055774	4,241899903
0,069860823	4,043626033
4,925542951	7,038300871
0,921350023	3,660511711
1,12793387	4,560187906
5,366608035	-0,191239876
-0,232042699	-0,394286924
3,990521998	-1,125314293
0,649191999	3,789008764
1,517739197	4,932494627
0,189540419	4,558278014
4,684967428	3,481161451
3,796633715	2,989043393
4,916661649	7,159513261
-0,436375274	-0,168023264
5,970558339	5,600431008
4,324742954	3,954666038
4,77256953	7,648626839
1,140827686	4,173904883
-1,840897273	-0,396956228
4,824781732	2,231403954
4,705676817	7,305694804
4,621941647	-0,742216247
-1,484354479	-0,050902065
0,198175241	4,611194738
5,021271909	-1,976389847
5,75572922	6,512325834
0,488449048	4,146433765
-0,465735814	-0,991236791
1,491631212	4,418844688
4,413663646	-0,395820224
5,296513507	7,166031655
5,681831663	6,166982225
5,502781192	5,656592306
5,875662201	3,452485603
1,457453433	4,948019121
4,208259544	-1,212559637
4,273291612	-0,847804355
-0,14591814	-1,254338211
-0,793729906	0,955373631
1,013735645	3,892233062
5,180133523	0,104802171
-0,711067007	-0,190563651
6,15858594	6,845934631
-1,47530063	-1,023926207
5,311233399	6,274749449
3,907842539	3,120618856
-1,05706198	0,587469704
4,974200368	3,041133175
1,878656164	4,411274746
5,131551379	-1,766743747
4,371338477	-0,518151743
4,575170764	2,985311696
4,458122376	2,336261528
-1,603643216	-0,348219925
0,54248235	4,02929944
6,149457402	5,964274892
4,195892185	-0,991321986
0,920916202	4,339538897
5,213840508	6,334776558
-1,627420383	-0,733528388
5,801182003	6,236441598
5,340523439	3,531939278
5,354306482	2,88996673
5,351299673	6,591312548
1,793673297	5,195782439
-0,342601222	-0,526335499
4,831839588	3,281070151
4,59280442	-1,63489454
0,713721552	4,662980108
6,09459567	2,205405401
5,616071255	7,130829666
-1,305170177	-0,329781878
5,02563574	2,902633293
5,730758418	-0,35155279
-1,566003983	-0,17939796
5,347040675	-0,760396684
3,913625918	-0,458511984
5,844919867	6,755025647
1,457380753	5,122400409
4,525768056	-1,176709217
5,301233293	2,836300107
1,76035853	4,658987065
4,393190272	-1,6556489
4,534519699	-0,516207741
6,037615265	2,337769798
-1,862408704	0,340724942
-0,605494063	-0,149023878
5,12913362	-0,920679994
-1,279347424	0,684571021
1,306323709	4,438035914
0,459070928	4,209320401
0,628928598	4,020760651
5,21738272	2,514418711
4,506251011	2,213234929
0,952769996	4,056683263
-1,458718385	-0,189475634
5,329268145	-0,186755393
3,854947412	2,480907277
1,220391112	3,461740058
5,142010781	2,833920888
0,664993817	4,430007145
4,222035648	3,443462914
1,054850346	4,326107797
5,316510159	6,82759797
5,849697441	5,538412242
0,720303275	4,208998839
5,790423991	3,378778849
-1,519567886	-0,33135817
5,646592109	5,486653556
4,087486447	-1,611675887
5,395228096	6,687742458
1,530950311	3,7766712
-0,45925211	0,528595508
-1,418032468	0,717517609
4,142576571	3,348163538
1,099106216	4,041866042
5,030142325	3,290557929
5,198340243	2,178256902
0,931260096	3,260102466
5,483366806	3,103657805
-0,766740925	-0,400289497
1,431576476	3,782866218
-1,821348425	-0,081523727
4,756042403	2,340571682
1,331359547	4,471055498
4,239930873	-1,968291628
5,643106876	2,821962279
1,583812508	3,753946965
4,500113925	3,356001827
-0,423333748	-0,232619226
5,296428987	-0,337652024
4,867169544	6,384105072
4,622107187	-0,8701104
-1,044866367	-0,63382994
4,370878012	-1,152919105
1,166949864	4,488661558
4,886206904	0,265857991
4,779305034	3,060273988
5,212097347	-1,051188962
5,517586736	6,261184568
3,822813794	-1,519103974
4,776102509	-0,565320837
5,502658677	6,052845225
3,835294392	2,996306462
5,038469639	6,666802331
5,600102239	3,507944324
4,573408835	7,162162879
5,451631864	3,128012236
1,308834561	3,774645342
6,530555617	6,364257969
-0,685519266	-1,155852157
5,882835766	5,968065744
0,662472485	4,243253759
4,937600928	-1,213575972
-1,912570056	-0,699751206
4,690787924	-1,238060661
5,278424371	-1,310121964
1,777079891	4,696331793
-0,641547608	-0,477564886
5,167671703	2,540733873
-0,978841584	-0,549402778
4,93262106	-0,611548525
1,538114906	4,062247009
-0,901647214	0,655036345
4,598832255	-1,25548796
-0,499708915	-0,445995264
6,310495712	5,410816926
5,002045781	3,066975546
-0,203329626	0,856739282
1,426875956	4,42292595
3,457517209	-1,103866306
3,654421561	-0,600249736
2,21653488	3,932666364
0,998455346	4,368933052
5,330309531	-1,077876203
-1,069538328	-0,693900988
-1,350087884	0,852800205
1,889207814	4,027542373
1,070175011	3,816326742
6,519157786	6,14322596
4,918383931	2,453984006
5,450737807	-0,680487028
-0,226906459	-0,349502571
5,401332418	6,89277644
5,902450993	6,737800127
5,228261151	6,974701886
6,073337171	7,01E+00
-1,301368927	-0,865371427
-0,87903222	-0,10693685
5,21472123	2,890885412
6,041179041	6,800619778
1,57121134	3,980928811
4,627640083	-0,406596919
4,948585176	-0,154390134
6,19598429	5,526173373
4,432727817	-0,697182233
-0,556820802	-0,660683335
3,791702316	-1,515151751
4,045761814	2,555076895
0,867672271	4,272805498
6,288457006	6,561878613
-1,325254473	-1,05398484
4,794245171	2,157682144
-1,603103474	-0,39384622
0,02739984	-1,032967279
5,146109136	2,599132575
4,002465068	3,159758583
5,539240321	6,218551281
1,345840364	4,33760086
0,963928897	3,997250372
5,537194665	7,755001107
6,314103328	6,168994306
0,406419138	3,74608597
4,564187043	2,770086717
5,108138457	1,919568539
-1,174099209	-0,463460053
2,188250076	4,256446247
4,120228151	-0,570854082
1,738425296	4,894140021
1,468015605	4,582758565
1,048888056	4,127873307
5,590781981	-0,079715781
4,757537946	2,967627372
6,119276662	6,555508011
5,266873849	2,359451034
4,583313428	4,041750127
4,256168359	3,081536034
5,43106126	6,924455044
1,506561268	3,777262014
6,381829564	6,866834846
4,623485565	0,218425891
5,086864274	3,018014404
-1,462311126	-0,188074156
5,14315564	6,579101454
1,82290817	4,023910885
1,000640794	4,274037715
-1,836200379	-0,067240093
-1,081525945	0,348491815
-1,460812295	0,652073263
5,561446501	6,867332187
5,418287313	5,941091304
-1,475777269	-0,793073791
5,627405604	3,128778536
4,024673278	-0,728430672
-0,347920163	0,049263412
3,595868619	4,099324537
5,901325416	7,408653222
-0,98565031	-0,800608617
4,685016813	-0,952905358
1,476379213	4,123610215
-1,040370189	-0,78219279
4,302600468	2,79744781
5,036577488	-1,055766433
4,105134282	-1,918783275
2,069372644	4,156063846
5,8026134	2,1922494
5,901101126	6,605416324
4,813029486	-0,890515787
-0,034660413	0,360014701
-0,139570097	-0,003820144
-1,24726676	0,211195193
-1,120103372	0,276186531
6,13426521	7,081657457
-0,016840572	4,063150709
5,629622434	3,321926566
5,071340948	7,099130646
0,995855562	4,621725835
1,296754099	4,45669115
6,081527898	6,323931037
6,094326128	6,604242143
5,748033545	-1,417000396
1,131975162	4,709417798
0,976862813	5,208180152
-1,881927446	-0,388634606
0,357041544	4,389150995
0,71900947	4,742542686
4,158926882	-1,547629688
5,545622092	-1,417719547
4,085726328	6,303760364
1,113160011	4,820072413
4,678411604	-2,154745343
5,009333975	2,653420503
3,802468707	-1,530520825
5,514674035	6,39356612
5,368310974	6,898770423
3,616637354	-1,742301815
5,795629138	3,125067295
-0,124424684	0,761956938
4,241941224	-0,47307804
4,690949115	-0,454575408
3,593020763	2,780166897
0,943264093	5,019146815
5,707875529	2,83599943
4,172393259	2,61146016
4,466245112	2,8681892
-0,166638324	3,782634985
5,105449577	2,914514449
5,85501232	4,018036228
0,803730867	4,46117774
4,880887214	-0,763909574
3,95414931	-0,938557499
-0,346085979	-0,624986423
4,504442809	5,583145831
5,154227939	5,87111188
6,129002266	7,111407105
5,056864381	0,170662317
-1,895219086	0,555813534
-1,352763632	-0,266418424
3,912907466	-1,50300861
0,619985393	4,12401982
0,02353955	-0,432346975
5,119791157	0,311757996
0,009465109	4,114686769
-2,139759288	-0,085691481
5,124496722	6,265221041
-1,901179756	-0,47877389
5,538058162	3,870201905
0,684069178	5,08705344
1,181064548	4,929781892
4,56053801	-1,236728555
1,329506986	3,576090715
4,946765688	3,149226459
1,116815329	4,251553291
-0,179574447	0,58495023
5,152736063	-1,026331399
-1,791693251	-0,519418293
4,964188482	3,353263741
5,348025047	7,383253647
-0,905732611	0,384962109
5,467367833	6,102182862
4,085444493	2,763649065
5,589300306	2,237781383
0,043531964	4,64688936
5,709902702	3,551733704
6,187613082	3,435534731
0,200973178	4,796363992
4,568564646	6,371114623
5,090154622	6,708790232
4,266510972	-0,805972852
5,319149516	-0,802698031
5,006478437	-0,469553217
-0,987777196	-0,81390125
-1,172339494	0,333716624
6,144100346	6,808789924
5,148466327	2,524641738
0,453077881	5,070673693
0,527592711	4,913143925
1,334539813	4,058115065
5,939142918	3,025983937
-2,029646525	0,552273372
1,290802219	4,943909078
2,250198121	4,33574499
0,502825976	3,982261537
0,927046065	4,488827421
1,178741854	4,366116615
5,221207405	6,159084938
5,3097759	-1,639578347
5,08336252	-0,592414423
5,626204037	-1,67710562
4,174507113	2,684776764
4,642667307	3,466770057
4,502951068	-0,84127167
-0,77577238	0,183586045
-2,190663846	-0,456400662
-1,567546296	0,608512873
-0,116896998	4,301113228
-0,950502175	0,090049512
4,530089494	-0,552697489
5,964161656	5,572897746
1,872527943	4,356174216
-1,027120315	-0,339828459
0,891463378	3,853575028
4,270940743	5,88604231
-0,402126206	0,833610295
1,073714951	4,015252846
5,775109008	6,616902261
5,168852788	6,766246866
4,774426714	5,861913134
4,505802071	3,017653238
0,961336729	4,79091071
5,654689626	2,995228077
2,05457109	4,398112836
5,672679626	3,064512658
0,563651764	3,841886518
0,087078362	-0,256515094
4,876353622	-0,102775336
4,140306149	0,564363498
1,03008638	4,445859514
4,733807979	0,025746195
1,817171697	4,512320595
5,003603977	6,544445727
0,387237481	4,092398857
5,067602028	-0,241227129
4,470660107	2,317350541
1,441525982	4,242892817
4,584036225	-0,923332223
5,974425556	2,462523679
5,603007224	6,70272008
4,663638661	-0,238800309
4,326659497	2,661210241
5,650882307	5,611924744
-0,207103111	0,181125092
3,283370706	-1,810198833
6,59260284	6,243410617
5,400524257	6,317963058
5,776117012	2,531328654
-0,259602167	-0,766978194
1,01452806	4,685270747
4,140129217	3,212775669
6,177899363	6,053843573
5,461378874	6,72932035
4,700169767	7,010897418
